StartDate,EndDate,Status,IPAddress,Progress,Duration (in seconds),Finished,RecordedDate,ResponseId,RecipientLastName,RecipientFirstName,RecipientEmail,ExternalReference,LocationLatitude,LocationLongitude,DistributionChannel,UserLanguage,C1_1,C1_2,C1_3,C1_4,C1_5,AnchoredMaxDiff7,C2_1,C2_2,C2_3,C2_4,C2_5,AnchoredMaxDiff8,C3_1,C3_2,C3_3,C3_4,C3_5,AnchoredMaxDiff9,C4_1,C4_2,C4_3,C4_4,C4_5,AnchoredMaxDiff10,C5_1,C5_2,C5_3,C5_4,C5_5,AnchoredMaxDiff11,C6_1,C6_2,C6_3,C6_4,C6_5,AnchoredMaxDiff12,Q14_1,Q14_2,Q14_3,Q14_4,Q14_5,Q14_6,Q14_7,Q14_8,Q14_9,Q14_10,vers_MAXDIFF,1.1_MAXDIFF,1.2_MAXDIFF,1.3_MAXDIFF,1.4_MAXDIFF,1.5_MAXDIFF,2.1_MAXDIFF,2.2_MAXDIFF,2.3_MAXDIFF,2.4_MAXDIFF,2.5_MAXDIFF,3.1_MAXDIFF,3.2_MAXDIFF,3.3_MAXDIFF,3.4_MAXDIFF,3.5_MAXDIFF,4.1_MAXDIFF,4.2_MAXDIFF,4.3_MAXDIFF,4.4_MAXDIFF,4.5_MAXDIFF,5.1_MAXDIFF,5.2_MAXDIFF,5.3_MAXDIFF,5.4_MAXDIFF,5.5_MAXDIFF,6.1_MAXDIFF,6.2_MAXDIFF,6.3_MAXDIFF,6.4_MAXDIFF,6.5_MAXDIFF,revision_MAXDIFF,Q_DataPolicyViolations
Start Date,End Date,Response Type,IP Address,Progress,Duration (in seconds),Finished,Recorded Date,Response ID,Recipient Last Name,Recipient First Name,Recipient Email,External Data Reference,Location Latitude,Location Longitude,Distribution Channel,User Language,"(1/6) Which pet would you MOST want to own, and which would you LEAST want to own? - [Field-1.1_MAXDIFF]","(1/6) Which pet would you MOST want to own, and which would you LEAST want to own? - [Field-1.2_MAXDIFF]","(1/6) Which pet would you MOST want to own, and which would you LEAST want to own? - [Field-1.3_MAXDIFF]","(1/6) Which pet would you MOST want to own, and which would you LEAST want to own? - [Field-1.4_MAXDIFF]","(1/6) Which pet would you MOST want to own, and which would you LEAST want to own? - [Field-1.5_MAXDIFF]","Considering only the options above, would you like to own","(2/6) Which pet would you MOST want to own, and which would you LEAST want to own? - [Field-2.1_MAXDIFF]","(2/6) Which pet would you MOST want to own, and which would you LEAST want to own? - [Field-2.2_MAXDIFF]","(2/6) Which pet would you MOST want to own, and which would you LEAST want to own? - [Field-2.3_MAXDIFF]","(2/6) Which pet would you MOST want to own, and which would you LEAST want to own? - [Field-2.4_MAXDIFF]","(2/6) Which pet would you MOST want to own, and which would you LEAST want to own? - [Field-2.5_MAXDIFF]","Considering only the options above, would you like to own","(3/6) Which pet would you MOST want to own, and which would you LEAST want to own? - [Field-3.1_MAXDIFF]","(3/6) Which pet would you MOST want to own, and which would you LEAST want to own? - [Field-3.2_MAXDIFF]","(3/6) Which pet would you MOST want to own, and which would you LEAST want to own? - [Field-3.3_MAXDIFF]","(3/6) Which pet would you MOST want to own, and which would you LEAST want to own? - [Field-3.4_MAXDIFF]","(3/6) Which pet would you MOST want to own, and which would you LEAST want to own? - [Field-3.5_MAXDIFF]","Considering only the options above, would you like to own","(4/6) Which pet would you MOST want to own, and which would you LEAST want to own? - [Field-4.1_MAXDIFF]","(4/6) Which pet would you MOST want to own, and which would you LEAST want to own? - [Field-4.2_MAXDIFF]","(4/6) Which pet would you MOST want to own, and which would you LEAST want to own? - [Field-4.3_MAXDIFF]","(4/6) Which pet would you MOST want to own, and which would you LEAST want to own? - [Field-4.4_MAXDIFF]","(4/6) Which pet would you MOST want to own, and which would you LEAST want to own? - [Field-4.5_MAXDIFF]","Considering only the options above, would you like to own","(5/6) Which pet would you MOST want to own, and which would you LEAST want to own? - [Field-5.1_MAXDIFF]","(5/6) Which pet would you MOST want to own, and which would you LEAST want to own? - [Field-5.2_MAXDIFF]","(5/6) Which pet would you MOST want to own, and which would you LEAST want to own? - [Field-5.3_MAXDIFF]","(5/6) Which pet would you MOST want to own, and which would you LEAST want to own? - [Field-5.4_MAXDIFF]","(5/6) Which pet would you MOST want to own, and which would you LEAST want to own? - [Field-5.5_MAXDIFF]","Considering only the options above, would you like to own","(6/6) Which pet would you MOST want to own, and which would you LEAST want to own? - [Field-6.1_MAXDIFF]","(6/6) Which pet would you MOST want to own, and which would you LEAST want to own? - [Field-6.2_MAXDIFF]","(6/6) Which pet would you MOST want to own, and which would you LEAST want to own? - [Field-6.3_MAXDIFF]","(6/6) Which pet would you MOST want to own, and which would you LEAST want to own? - [Field-6.4_MAXDIFF]","(6/6) Which pet would you MOST want to own, and which would you LEAST want to own? - [Field-6.5_MAXDIFF]","Considering only the options above, would you like to own","Now think about each type of pet. If it were possible, would you ever actually consider owning this pet? - Dog","Now think about each type of pet. If it were possible, would you ever actually consider owning this pet? - Cat","Now think about each type of pet. If it were possible, would you ever actually consider owning this pet? - Fish","Now think about each type of pet. If it were possible, would you ever actually consider owning this pet? - Bird","Now think about each type of pet. If it were possible, would you ever actually consider owning this pet? - Hamster","Now think about each type of pet. If it were possible, would you ever actually consider owning this pet? - Rabbit","Now think about each type of pet. If it were possible, would you ever actually consider owning this pet? - Lizard","Now think about each type of pet. If it were possible, would you ever actually consider owning this pet? - Turtle","Now think about each type of pet. If it were possible, would you ever actually consider owning this pet? - Guinea pig","Now think about each type of pet. If it were possible, would you ever actually consider owning this pet? - Horse",vers_MAXDIFF,1.1_MAXDIFF,1.2_MAXDIFF,1.3_MAXDIFF,1.4_MAXDIFF,1.5_MAXDIFF,2.1_MAXDIFF,2.2_MAXDIFF,2.3_MAXDIFF,2.4_MAXDIFF,2.5_MAXDIFF,3.1_MAXDIFF,3.2_MAXDIFF,3.3_MAXDIFF,3.4_MAXDIFF,3.5_MAXDIFF,4.1_MAXDIFF,4.2_MAXDIFF,4.3_MAXDIFF,4.4_MAXDIFF,4.5_MAXDIFF,5.1_MAXDIFF,5.2_MAXDIFF,5.3_MAXDIFF,5.4_MAXDIFF,5.5_MAXDIFF,6.1_MAXDIFF,6.2_MAXDIFF,6.3_MAXDIFF,6.4_MAXDIFF,6.5_MAXDIFF,revision_MAXDIFF,Q_DataPolicyViolations
"{""ImportId"":""startDate"",""timeZone"":""America/Los_Angeles""}","{""ImportId"":""endDate"",""timeZone"":""America/Los_Angeles""}","{""ImportId"":""status""}","{""ImportId"":""ipAddress""}","{""ImportId"":""progress""}","{""ImportId"":""duration""}","{""ImportId"":""finished""}","{""ImportId"":""recordedDate"",""timeZone"":""America/Los_Angeles""}","{""ImportId"":""_recordId""}","{""ImportId"":""recipientLastName""}","{""ImportId"":""recipientFirstName""}","{""ImportId"":""recipientEmail""}","{""ImportId"":""externalDataReference""}","{""ImportId"":""locationLatitude""}","{""ImportId"":""locationLongitude""}","{""ImportId"":""distributionChannel""}","{""ImportId"":""userLanguage""}","{""ImportId"":""QID1_1""}","{""ImportId"":""QID1_2""}","{""ImportId"":""QID1_3""}","{""ImportId"":""QID1_4""}","{""ImportId"":""QID1_5""}","{""ImportId"":""QID7""}","{""ImportId"":""QID2_1""}","{""ImportId"":""QID2_2""}","{""ImportId"":""QID2_3""}","{""ImportId"":""QID2_4""}","{""ImportId"":""QID2_5""}","{""ImportId"":""QID8""}","{""ImportId"":""QID3_1""}","{""ImportId"":""QID3_2""}","{""ImportId"":""QID3_3""}","{""ImportId"":""QID3_4""}","{""ImportId"":""QID3_5""}","{""ImportId"":""QID9""}","{""ImportId"":""QID4_1""}","{""ImportId"":""QID4_2""}","{""ImportId"":""QID4_3""}","{""ImportId"":""QID4_4""}","{""ImportId"":""QID4_5""}","{""ImportId"":""QID10""}","{""ImportId"":""QID5_1""}","{""ImportId"":""QID5_2""}","{""ImportId"":""QID5_3""}","{""ImportId"":""QID5_4""}","{""ImportId"":""QID5_5""}","{""ImportId"":""QID11""}","{""ImportId"":""QID6_1""}","{""ImportId"":""QID6_2""}","{""ImportId"":""QID6_3""}","{""ImportId"":""QID6_4""}","{""ImportId"":""QID6_5""}","{""ImportId"":""QID12""}","{""ImportId"":""QID14_1""}","{""ImportId"":""QID14_2""}","{""ImportId"":""QID14_3""}","{""ImportId"":""QID14_4""}","{""ImportId"":""QID14_5""}","{""ImportId"":""QID14_6""}","{""ImportId"":""QID14_7""}","{""ImportId"":""QID14_8""}","{""ImportId"":""QID14_9""}","{""ImportId"":""QID14_10""}","{""ImportId"":""vers_MAXDIFF""}","{""ImportId"":""1.1_MAXDIFF""}","{""ImportId"":""1.2_MAXDIFF""}","{""ImportId"":""1.3_MAXDIFF""}","{""ImportId"":""1.4_MAXDIFF""}","{""ImportId"":""1.5_MAXDIFF""}","{""ImportId"":""2.1_MAXDIFF""}","{""ImportId"":""2.2_MAXDIFF""}","{""ImportId"":""2.3_MAXDIFF""}","{""ImportId"":""2.4_MAXDIFF""}","{""ImportId"":""2.5_MAXDIFF""}","{""ImportId"":""3.1_MAXDIFF""}","{""ImportId"":""3.2_MAXDIFF""}","{""ImportId"":""3.3_MAXDIFF""}","{""ImportId"":""3.4_MAXDIFF""}","{""ImportId"":""3.5_MAXDIFF""}","{""ImportId"":""4.1_MAXDIFF""}","{""ImportId"":""4.2_MAXDIFF""}","{""ImportId"":""4.3_MAXDIFF""}","{""ImportId"":""4.4_MAXDIFF""}","{""ImportId"":""4.5_MAXDIFF""}","{""ImportId"":""5.1_MAXDIFF""}","{""ImportId"":""5.2_MAXDIFF""}","{""ImportId"":""5.3_MAXDIFF""}","{""ImportId"":""5.4_MAXDIFF""}","{""ImportId"":""5.5_MAXDIFF""}","{""ImportId"":""6.1_MAXDIFF""}","{""ImportId"":""6.2_MAXDIFF""}","{""ImportId"":""6.3_MAXDIFF""}","{""ImportId"":""6.4_MAXDIFF""}","{""ImportId"":""6.5_MAXDIFF""}","{""ImportId"":""revision_MAXDIFF""}","{""ImportId"":""Q_DataPolicyViolations""}"
2025-08-24 16:55:49,2025-08-24 16:55:49,2,,100,0,1,2025-08-24 16:55:49,R_6g6z9yocVL2UJ8y,,,,,,,test,,1,2,,,,2,,,,1,2,2,,2,,,1,2,2,,1,,,3,,,,2,1,3,2,,,,1,1,1,1,2,,,2,,,1,,1,Lizard,Horse,Bird,Rabbit,Cat,Turtle,Hamster,Guinea pig,Fish,Cat,Rabbit,Cat,Horse,Hamster,Bird,Horse,Dog,Fish,Turtle,Lizard,Hamster,Lizard,Dog,Cat,Horse,Bird,Fish,Turtle,Guinea pig,Rabbit,5d78cdd0-8145-11f0-b804-559a6c8a454f,
2025-08-24 16:55:49,2025-08-24 16:55:50,2,,100,1,1,2025-08-24 16:55:50,R_29KcBT39aIFZo46,,,,,,,test,,,1,,2,,2,,,2,1,,3,,,1,2,,2,,,,1,2,2,,1,2,,,1,2,1,,,,1,2,,,2,,,1,2,,1,2,Dog,Hamster,Guinea pig,Cat,Fish,Horse,Lizard,Cat,Dog,Hamster,Cat,Horse,Bird,Turtle,Guinea pig,Bird,Dog,Fish,Rabbit,Turtle,Turtle,Rabbit,Hamster,Bird,Dog,Lizard,Bird,Rabbit,Fish,Cat,5d78cdd0-8145-11f0-b804-559a6c8a454f,
2025-08-24 16:55:50,2025-08-24 16:55:50,2,,100,0,1,2025-08-24 16:55:50,R_beca4fvSXwmCxxk,,,,,,,test,,,2,,,1,3,,1,2,,,1,2,,1,,,1,,1,2,,,3,,1,,2,,1,2,1,,,,3,,1,1,1,2,,,,1,,3,Dog,Guinea pig,Fish,Lizard,Hamster,Rabbit,Hamster,Guinea pig,Fish,Cat,Hamster,Horse,Rabbit,Dog,Guinea pig,Fish,Bird,Cat,Lizard,Turtle,Guinea pig,Cat,Turtle,Horse,Fish,Cat,Lizard,Dog,Hamster,Horse,5d78cdd0-8145-11f0-b804-559a6c8a454f,
2025-08-24 16:55:50,2025-08-24 16:55:51,2,,100,1,1,2025-08-24 16:55:51,R_ehbF7zXOJpKADt4,,,,,,,test,,,,2,1,,3,1,2,,,,1,,,1,2,,3,1,,2,,,3,2,,,1,,3,,2,1,,,2,,,,2,2,2,1,,,2,4,Lizard,Dog,Guinea pig,Horse,Turtle,Hamster,Lizard,Rabbit,Fish,Guinea pig,Fish,Hamster,Turtle,Lizard,Dog,Horse,Rabbit,Guinea pig,Cat,Bird,Fish,Bird,Cat,Hamster,Horse,Rabbit,Guinea pig,Lizard,Turtle,Cat,5d78cdd0-8145-11f0-b804-559a6c8a454f,
2025-08-24 16:55:51,2025-08-24 16:55:51,2,,100,0,1,2025-08-24 16:55:51,R_cZkZaEsVyaKx3EO,,,,,,,test,,2,,,,1,1,,2,1,,,2,1,,,,2,2,,1,,2,,1,2,1,,,,3,,,1,,2,2,,,,2,2,,1,1,,1,5,Turtle,Hamster,Rabbit,Lizard,Cat,Bird,Turtle,Dog,Hamster,Rabbit,Cat,Rabbit,Hamster,Bird,Fish,Guinea pig,Lizard,Cat,Rabbit,Horse,Lizard,Hamster,Horse,Fish,Turtle,Fish,Cat,Guinea pig,Lizard,Dog,5d78cdd0-8145-11f0-b804-559a6c8a454f,
2025-08-24 16:55:51,2025-08-24 16:55:51,2,,100,0,1,2025-08-24 16:55:51,R_9HzzK5TZLdFPzXo,,,,,,,test,,,1,,,2,1,1,,,,2,2,2,,,1,,2,2,,,,1,3,2,,,,1,2,,,2,,1,1,,,,1,1,,2,1,,2,6,Horse,Guinea pig,Rabbit,Dog,Lizard,Turtle,Cat,Lizard,Hamster,Bird,Rabbit,Lizard,Guinea pig,Horse,Fish,Dog,Turtle,Hamster,Rabbit,Guinea pig,Cat,Rabbit,Dog,Fish,Hamster,Hamster,Fish,Horse,Bird,Dog,5d78cdd0-8145-11f0-b804-559a6c8a454f,
2025-08-24 16:55:52,2025-08-24 16:55:52,2,,100,0,1,2025-08-24 16:55:52,R_25dnz4rLk8wn2bc,,,,,,,test,,2,,,,1,2,,,2,1,,3,,1,,2,,3,1,2,,,,2,2,,,1,,2,,2,1,,,2,,,,1,2,,1,1,,2,7,Bird,Hamster,Guinea pig,Lizard,Fish,Hamster,Dog,Bird,Guinea pig,Lizard,Guinea pig,Turtle,Horse,Dog,Rabbit,Dog,Horse,Turtle,Guinea pig,Cat,Fish,Bird,Cat,Turtle,Dog,Rabbit,Fish,Lizard,Horse,Turtle,5d78cdd0-8145-11f0-b804-559a6c8a454f,
2025-08-24 16:55:52,2025-08-24 16:55:52,2,,100,0,1,2025-08-24 16:55:52,R_8nXgJEYkW6OQw3c,,,,,,,test,,2,,1,,,2,1,,,,2,1,,2,,1,,2,,,1,,2,3,,,,2,1,2,2,1,,,,1,,,,2,2,,2,2,,1,8,Rabbit,Bird,Guinea pig,Dog,Horse,Bird,Dog,Fish,Cat,Guinea pig,Horse,Guinea pig,Cat,Lizard,Hamster,Lizard,Cat,Hamster,Turtle,Rabbit,Dog,Turtle,Lizard,Rabbit,Bird,Guinea pig,Turtle,Bird,Horse,Lizard,5d78cdd0-8145-11f0-b804-559a6c8a454f,
2025-08-24 16:55:52,2025-08-24 16:55:53,2,,100,1,1,2025-08-24 16:55:53,R_bIT6Id8fNJhNDlI,,,,,,,test,,1,2,,,,2,,2,,1,,1,,1,,2,,3,,2,,,1,3,,,,2,1,2,1,,2,,,1,,,,1,2,,2,1,,2,9,Fish,Rabbit,Dog,Guinea pig,Lizard,Bird,Cat,Fish,Lizard,Dog,Hamster,Fish,Rabbit,Horse,Bird,Guinea pig,Turtle,Lizard,Bird,Hamster,Turtle,Dog,Horse,Cat,Rabbit,Horse,Guinea pig,Bird,Hamster,Turtle,5d78cdd0-8145-11f0-b804-559a6c8a454f,
2025-08-24 16:55:53,2025-08-24 16:55:53,2,,100,0,1,2025-08-24 16:55:53,R_bklblar6NZ9XsnI,,,,,,,test,,2,1,,,,3,1,2,,,,1,1,,,,2,3,1,,,2,,3,,2,1,,,1,1,,2,,,3,,,,2,2,,2,1,,1,10,Lizard,Horse,Fish,Cat,Bird,Bird,Rabbit,Lizard,Horse,Dog,Fish,Dog,Cat,Lizard,Rabbit,Turtle,Fish,Horse,Bird,Lizard,Cat,Turtle,Hamster,Dog,Horse,Guinea pig,Cat,Fish,Rabbit,Turtle,5d78cdd0-8145-11f0-b804-559a6c8a454f,
2025-08-24 16:55:53,2025-08-24 16:55:54,2,,100,1,1,2025-08-24 16:55:54,R_2983s26NCvVbrnM,,,,,,,test,,,,1,2,,2,,2,,1,,2,,1,2,,,3,2,,,,1,2,,1,,2,,2,,2,,,1,3,,,,1,1,,2,2,,2,11,Bird,Turtle,Fish,Rabbit,Horse,Dog,Horse,Bird,Guinea pig,Cat,Cat,Guinea pig,Rabbit,Bird,Hamster,Guinea pig,Horse,Lizard,Hamster,Rabbit,Lizard,Rabbit,Dog,Turtle,Bird,Horse,Fish,Turtle,Dog,Hamster,5d78cdd0-8145-11f0-b804-559a6c8a454f,
2025-08-24 16:55:54,2025-08-24 16:55:54,2,,100,0,1,2025-08-24 16:55:54,R_79urPK3SaabwRUO,,,,,,,test,,1,,2,,,3,1,,2,,,1,,,2,1,,1,1,,,2,,2,,1,2,,,2,1,,,,2,1,,,,1,1,,2,2,,2,12,Lizard,Cat,Bird,Turtle,Guinea pig,Cat,Rabbit,Lizard,Fish,Dog,Turtle,Rabbit,Dog,Guinea pig,Fish,Guinea pig,Fish,Turtle,Bird,Hamster,Fish,Guinea pig,Rabbit,Horse,Cat,Rabbit,Bird,Hamster,Horse,Lizard,5d78cdd0-8145-11f0-b804-559a6c8a454f,
2025-08-24 16:55:54,2025-08-24 16:55:55,2,,100,1,1,2025-08-24 16:55:55,R_3EHlAzJx1N17M1g,,,,,,,test,,,1,,2,,1,2,,,1,,2,1,2,,,,2,1,,2,,,2,,,1,2,,3,,2,,1,,3,,,,1,1,,1,2,,1,13,Fish,Rabbit,Turtle,Hamster,Horse,Cat,Turtle,Horse,Rabbit,Fish,Turtle,Horse,Cat,Dog,Bird,Hamster,Bird,Dog,Cat,Guinea pig,Horse,Fish,Bird,Guinea pig,Dog,Dog,Lizard,Hamster,Bird,Rabbit,5d78cdd0-8145-11f0-b804-559a6c8a454f,
2025-08-24 16:55:55,2025-08-24 16:55:55,2,,100,0,1,2025-08-24 16:55:55,R_5vCpWxp6W2l62to,,,,,,,test,,1,,,,2,2,1,,,,2,2,,2,,,1,3,2,,,1,,2,,2,1,,,1,,,2,,1,2,,,,1,2,,2,2,,2,14,Dog,Bird,Hamster,Cat,Turtle,Rabbit,Guinea pig,Dog,Turtle,Hamster,Turtle,Lizard,Horse,Hamster,Fish,Hamster,Cat,Turtle,Guinea pig,Lizard,Guinea pig,Hamster,Fish,Bird,Horse,Lizard,Dog,Bird,Fish,Guinea pig,5d78cdd0-8145-11f0-b804-559a6c8a454f,
2025-08-24 16:55:55,2025-08-24 16:55:55,2,,100,0,1,2025-08-24 16:55:56,R_8oTZjVneGUVhMpM,,,,,,,test,,,,1,2,,1,1,,2,,,1,,,2,1,,3,1,,,,2,2,,1,,,2,1,2,1,,,,1,,,,2,1,,2,2,,2,15,Bird,Cat,Lizard,Fish,Turtle,Horse,Dog,Hamster,Rabbit,Fish,Cat,Hamster,Bird,Turtle,Guinea pig,Lizard,Rabbit,Guinea pig,Hamster,Horse,Hamster,Bird,Cat,Lizard,Rabbit,Turtle,Horse,Fish,Guinea pig,Dog,5d78cdd0-8145-11f0-b804-559a6c8a454f,
2025-08-24 16:55:56,2025-08-24 16:55:56,2,,100,0,1,2025-08-24 16:55:56,R_eOL4Y8QjX2zlnvw,,,,,,,test,,1,2,,,,2,,,,2,1,1,,,2,1,,1,,2,1,,,1,,1,,2,,3,1,2,,,,2,,,,1,1,,1,1,,2,16,Bird,Horse,Fish,Rabbit,Dog,Lizard,Turtle,Dog,Guinea pig,Horse,Dog,Hamster,Turtle,Cat,Guinea pig,Rabbit,Bird,Hamster,Fish,Lizard,Cat,Guinea pig,Lizard,Horse,Hamster,Guinea pig,Fish,Rabbit,Turtle,Bird,5d78cdd0-8145-11f0-b804-559a6c8a454f,
2025-08-24 16:55:56,2025-08-24 16:55:56,2,,100,0,1,2025-08-24 16:55:56,R_eICAfcp5xqB6PBA,,,,,,,test,,,,,2,1,3,,,,2,1,2,,2,,,1,3,2,1,,,,2,,1,2,,,1,,,2,,1,1,,,,1,2,,2,2,,2,17,Bird,Fish,Turtle,Cat,Dog,Horse,Cat,Guinea pig,Dog,Bird,Rabbit,Lizard,Hamster,Fish,Guinea pig,Lizard,Hamster,Bird,Horse,Rabbit,Turtle,Rabbit,Lizard,Hamster,Horse,Guinea pig,Turtle,Dog,Lizard,Fish,5d78cdd0-8145-11f0-b804-559a6c8a454f,
2025-08-24 16:55:56,2025-08-24 16:55:57,2,,100,1,1,2025-08-24 16:55:57,R_9Xl3NqQSdVd0cPc,,,,,,,test,,,,2,1,,1,,,2,1,,2,,,1,,2,2,2,,1,,,2,,,1,,2,3,,2,,1,,2,,,,2,1,,2,2,,2,18,Bird,Guinea pig,Lizard,Rabbit,Horse,Dog,Hamster,Rabbit,Horse,Bird,Fish,Lizard,Cat,Turtle,Rabbit,Horse,Cat,Guinea pig,Fish,Dog,Hamster,Bird,Turtle,Lizard,Cat,Cat,Fish,Hamster,Dog,Guinea pig,5d78cdd0-8145-11f0-b804-559a6c8a454f,
2025-08-24 16:55:57,2025-08-24 16:55:57,2,,100,0,1,2025-08-24 16:55:57,R_dgRwIH5CsaAb0Vg,,,,,,,test,,,,1,,2,3,2,,,1,,2,2,,,,1,2,,1,2,,,3,,,,2,1,1,2,,,1,,1,,,,2,2,,1,1,,1,19,Lizard,Dog,Horse,Guinea pig,Bird,Rabbit,Hamster,Bird,Fish,Cat,Bird,Cat,Turtle,Horse,Fish,Dog,Horse,Lizard,Bird,Rabbit,Guinea pig,Bird,Rabbit,Turtle,Hamster,Cat,Turtle,Guinea pig,Lizard,Dog,5d78cdd0-8145-11f0-b804-559a6c8a454f,
2025-08-24 16:55:57,2025-08-24 16:55:58,2,,100,1,1,2025-08-24 16:55:58,R_ehwZ7O3knbpBp9I,,,,,,,test,,1,,,2,,2,,,2,,1,3,,2,1,,,3,1,,,2,,1,,,1,,2,3,,1,2,,,1,,,,1,2,,1,2,,1,20,Dog,Fish,Hamster,Lizard,Guinea pig,Cat,Bird,Lizard,Horse,Dog,Rabbit,Dog,Guinea pig,Cat,Lizard,Fish,Cat,Dog,Hamster,Rabbit,Turtle,Guinea pig,Cat,Bird,Horse,Hamster,Turtle,Rabbit,Fish,Bird,5d78cdd0-8145-11f0-b804-559a6c8a454f,
2025-08-24 16:55:58,2025-08-24 16:55:58,2,,100,0,1,2025-08-24 16:55:58,R_eFhF11u8psTMMBw,,,,,,,test,,2,,1,,,2,2,1,,,,3,,,2,,1,1,2,1,,,,3,1,,,2,,3,,1,2,,,3,,,,2,1,,1,1,,1,21,Hamster,Turtle,Rabbit,Fish,Guinea pig,Horse,Lizard,Guinea pig,Cat,Dog,Bird,Dog,Turtle,Lizard,Fish,Dog,Cat,Bird,Hamster,Horse,Lizard,Rabbit,Fish,Dog,Cat,Guinea pig,Hamster,Horse,Turtle,Bird,5d78cdd0-8145-11f0-b804-559a6c8a454f,
2025-08-24 16:55:58,2025-08-24 16:55:59,2,,100,1,1,2025-08-24 16:55:59,R_0U5RCcgNdfsL6pU,,,,,,,test,,,,,2,1,1,,,2,1,,3,,1,2,,,2,,1,,,2,3,1,,,,2,2,,2,,1,,1,,,,1,2,,2,2,,1,22,Cat,Turtle,Dog,Horse,Hamster,Turtle,Dog,Cat,Hamster,Guinea pig,Rabbit,Bird,Guinea pig,Fish,Lizard,Bird,Horse,Hamster,Cat,Fish,Guinea pig,Lizard,Turtle,Dog,Rabbit,Fish,Guinea pig,Rabbit,Lizard,Bird,5d78cdd0-8145-11f0-b804-559a6c8a454f,
2025-08-24 16:55:59,2025-08-24 16:55:59,2,,100,0,1,2025-08-24 16:55:59,R_1MSdRx40MOKy8Zg,,,,,,,test,,,,1,,2,2,,,2,,1,2,,,2,,1,2,2,,,,1,1,1,,,,2,2,1,,,2,,3,,,,2,2,,1,2,,2,23,Fish,Dog,Cat,Rabbit,Turtle,Rabbit,Guinea pig,Horse,Fish,Hamster,Horse,Hamster,Guinea pig,Bird,Fish,Lizard,Fish,Bird,Cat,Horse,Turtle,Bird,Dog,Guinea pig,Lizard,Dog,Cat,Lizard,Turtle,Rabbit,5d78cdd0-8145-11f0-b804-559a6c8a454f,
2025-08-24 16:55:59,2025-08-24 16:55:59,2,,100,0,1,2025-08-24 16:56:00,R_3eXHJxVCYLZ8L0q,,,,,,,test,,2,1,,,,2,,,1,,2,3,,,1,2,,2,2,1,,,,1,,,1,,2,2,1,,,,2,2,,,,2,1,,2,2,,1,24,Guinea pig,Dog,Bird,Hamster,Cat,Horse,Hamster,Fish,Turtle,Bird,Rabbit,Turtle,Horse,Dog,Hamster,Lizard,Rabbit,Dog,Cat,Turtle,Hamster,Cat,Guinea pig,Fish,Lizard,Bird,Fish,Lizard,Horse,Rabbit,5d78cdd0-8145-11f0-b804-559a6c8a454f,
2025-08-24 16:56:00,2025-08-24 16:56:00,2,,100,0,1,2025-08-24 16:56:00,R_8Aed3ESMCqbR1lA,,,,,,,test,,1,,2,,,3,,1,2,,,2,,1,2,,,1,,,1,2,,1,2,1,,,,1,,1,2,,,1,,,,2,1,,1,2,,2,25,Hamster,Rabbit,Lizard,Dog,Bird,Cat,Horse,Guinea pig,Rabbit,Dog,Rabbit,Lizard,Fish,Turtle,Cat,Horse,Bird,Hamster,Cat,Turtle,Fish,Dog,Turtle,Guinea pig,Lizard,Bird,Turtle,Dog,Fish,Guinea pig,5d78cdd0-8145-11f0-b804-559a6c8a454f,
2025-08-24 16:56:00,2025-08-24 16:56:00,2,,100,0,1,2025-08-24 16:56:01,R_2ueV1LV8FZ66Q7Q,,,,,,,test,,2,,,,1,1,,,2,1,,1,1,,,2,,2,2,1,,,,1,,1,,2,,1,,,,2,1,3,,,,2,2,,1,1,,1,26,Cat,Rabbit,Lizard,Horse,Dog,Hamster,Dog,Cat,Guinea pig,Bird,Horse,Bird,Guinea pig,Hamster,Cat,Rabbit,Turtle,Horse,Lizard,Fish,Turtle,Hamster,Dog,Cat,Horse,Dog,Fish,Hamster,Bird,Lizard,5d78cdd0-8145-11f0-b804-559a6c8a454f,
2025-08-24 16:56:01,2025-08-24 16:56:01,2,,100,0,1,2025-08-24 16:56:01,R_3QLiGf79TvvsVdc,,,,,,,test,,,,2,1,,2,,,1,,2,3,1,,,,2,3,,2,1,,,2,2,1,,,,2,,2,,1,,2,,,,1,2,,2,1,,2,27,Bird,Lizard,Hamster,Dog,Turtle,Guinea pig,Turtle,Lizard,Hamster,Cat,Rabbit,Fish,Guinea pig,Lizard,Bird,Horse,Hamster,Cat,Rabbit,Fish,Hamster,Dog,Horse,Bird,Rabbit,Fish,Cat,Bird,Turtle,Dog,5d78cdd0-8145-11f0-b804-559a6c8a454f,
2025-08-24 16:56:01,2025-08-24 16:56:01,2,,100,0,1,2025-08-24 16:56:02,R_cuO7AQ98WMIT5Nc,,,,,,,test,,,1,2,,,2,1,2,,,,1,,2,1,,,1,,,2,,1,3,,2,1,,,3,1,,,2,,2,,,,2,1,,2,1,,2,28,Horse,Dog,Bird,Hamster,Turtle,Fish,Horse,Guinea pig,Rabbit,Bird,Hamster,Fish,Horse,Bird,Lizard,Lizard,Bird,Cat,Turtle,Horse,Dog,Guinea pig,Rabbit,Lizard,Fish,Rabbit,Hamster,Turtle,Guinea pig,Cat,5d78cdd0-8145-11f0-b804-559a6c8a454f,
2025-08-24 16:56:02,2025-08-24 16:56:02,2,,100,0,1,2025-08-24 16:56:02,R_diq0N5xgqbvthtk,,,,,,,test,,2,1,,,,3,2,,,1,,2,,1,,2,,3,,,2,1,,1,,,,1,2,3,,,2,1,,2,,,,2,2,,1,2,,1,29,Hamster,Rabbit,Cat,Bird,Dog,Bird,Guinea pig,Lizard,Dog,Cat,Cat,Horse,Guinea pig,Turtle,Hamster,Horse,Dog,Rabbit,Lizard,Turtle,Rabbit,Lizard,Horse,Fish,Bird,Turtle,Hamster,Fish,Cat,Guinea pig,5d78cdd0-8145-11f0-b804-559a6c8a454f,
2025-08-24 16:56:02,2025-08-24 16:56:02,2,,100,0,1,2025-08-24 16:56:02,R_bPETOPtghbqJvgi,,,,,,,test,,1,,2,,,1,,2,,1,,3,2,1,,,,1,,,1,,2,3,2,,,,1,1,1,,2,,,1,,,,2,2,,2,1,,2,30,Turtle,Horse,Cat,Hamster,Dog,Cat,Dog,Bird,Lizard,Guinea pig,Bird,Cat,Rabbit,Guinea pig,Fish,Lizard,Hamster,Turtle,Fish,Rabbit,Fish,Bird,Dog,Horse,Hamster,Horse,Fish,Guinea pig,Turtle,Lizard,5d78cdd0-8145-11f0-b804-559a6c8a454f,
2025-08-24 16:56:02,2025-08-24 16:56:03,2,,100,1,1,2025-08-24 16:56:03,R_9ysKC4szNJFiWXQ,,,,,,,test,,1,2,,,,3,1,,,,2,1,,,2,1,,3,1,,,2,,3,2,,,,1,2,,2,,1,,3,,,,1,2,,2,1,,2,31,Fish,Horse,Bird,Hamster,Turtle,Cat,Lizard,Hamster,Rabbit,Horse,Guinea pig,Hamster,Rabbit,Dog,Fish,Bird,Cat,Fish,Guinea pig,Lizard,Rabbit,Turtle,Dog,Bird,Cat,Hamster,Dog,Guinea pig,Horse,Rabbit,5d78cdd0-8145-11f0-b804-559a6c8a454f,
2025-08-24 16:56:03,2025-08-24 16:56:03,2,,100,0,1,2025-08-24 16:56:03,R_3scKNQDIzCplOIK,,,,,,,test,,,,2,,1,1,1,,,,2,3,2,1,,,,3,1,2,,,,1,,,2,,1,2,2,1,,,,2,,,,2,2,,2,2,,2,32,Dog,Fish,Rabbit,Turtle,Horse,Fish,Hamster,Dog,Guinea pig,Bird,Bird,Horse,Lizard,Fish,Guinea pig,Guinea pig,Dog,Hamster,Bird,Cat,Hamster,Cat,Horse,Rabbit,Turtle,Rabbit,Lizard,Turtle,Cat,Dog,5d78cdd0-8145-11f0-b804-559a6c8a454f,
2025-08-24 16:56:03,2025-08-24 16:56:04,2,,100,1,1,2025-08-24 16:56:04,R_5baDkVDKj2ljr3E,,,,,,,test,,,2,1,,,1,2,,,1,,1,,,1,,2,3,,2,1,,,1,1,2,,,,3,2,1,,,,1,,,,2,2,,1,1,,2,33,Dog,Rabbit,Cat,Turtle,Guinea pig,Hamster,Horse,Fish,Guinea pig,Lizard,Cat,Dog,Bird,Hamster,Turtle,Horse,Fish,Lizard,Dog,Hamster,Turtle,Cat,Rabbit,Bird,Horse,Guinea pig,Lizard,Horse,Cat,Bird,5d78cdd0-8145-11f0-b804-559a6c8a454f,
2025-08-24 16:56:04,2025-08-24 16:56:04,2,,100,0,1,2025-08-24 16:56:04,R_eD4l7mre8njtkwe,,,,,,,test,,,,,1,2,2,,2,1,,,1,1,,,,2,2,,2,,,1,2,1,2,,,,3,2,,1,,,1,,,,1,2,,2,2,,1,34,Lizard,Rabbit,Dog,Cat,Fish,Cat,Guinea pig,Bird,Lizard,Turtle,Turtle,Bird,Rabbit,Fish,Dog,Rabbit,Hamster,Guinea pig,Horse,Lizard,Bird,Cat,Turtle,Hamster,Rabbit,Horse,Fish,Cat,Turtle,Hamster,5d78cdd0-8145-11f0-b804-559a6c8a454f,
2025-08-24 16:56:04,2025-08-24 16:56:05,2,,100,1,1,2025-08-24 16:56:05,R_8IlXnPCdfdH0MLk,,,,,,,test,,,2,,1,,2,,1,,,2,1,2,,,,1,3,,2,1,,,3,,1,2,,,2,,1,,,2,1,,,,1,2,,1,1,,1,35,Hamster,Bird,Turtle,Guinea pig,Rabbit,Dog,Rabbit,Hamster,Bird,Lizard,Turtle,Lizard,Guinea pig,Cat,Horse,Guinea pig,Fish,Dog,Horse,Turtle,Lizard,Guinea pig,Horse,Dog,Cat,Rabbit,Horse,Cat,Fish,Hamster,5d78cdd0-8145-11f0-b804-559a6c8a454f,
2025-08-24 16:56:05,2025-08-24 16:56:05,2,,100,0,1,2025-08-24 16:56:05,R_a5iun19xbuUpSyW,,,,,,,test,,2,,,,1,3,2,,,,1,1,2,,,1,,2,2,1,,,,1,,1,2,,,2,1,,,2,,1,,,,2,2,,1,2,,2,36,Fish,Guinea pig,Dog,Turtle,Rabbit,Guinea pig,Rabbit,Horse,Hamster,Fish,Turtle,Dog,Cat,Lizard,Hamster,Lizard,Bird,Turtle,Fish,Horse,Dog,Cat,Guinea pig,Horse,Bird,Rabbit,Lizard,Hamster,Bird,Guinea pig,5d78cdd0-8145-11f0-b804-559a6c8a454f,
2025-08-24 16:56:05,2025-08-24 16:56:06,2,,100,1,1,2025-08-24 16:56:06,R_6DTJN4eFdLRiw9U,,,,,,,test,,,2,,,1,2,,,2,,1,1,,,,2,1,2,1,2,,,,2,,,,1,2,3,,,1,2,,3,,,,1,1,,1,1,,2,37,Horse,Fish,Cat,Guinea pig,Turtle,Lizard,Guinea pig,Hamster,Fish,Dog,Rabbit,Lizard,Fish,Turtle,Horse,Turtle,Cat,Lizard,Bird,Hamster,Hamster,Bird,Dog,Cat,Rabbit,Cat,Turtle,Horse,Hamster,Bird,5d78cdd0-8145-11f0-b804-559a6c8a454f,
2025-08-24 16:56:06,2025-08-24 16:56:06,2,,100,0,1,2025-08-24 16:56:06,R_d5slFS9q4IWThR4,,,,,,,test,,2,,,,1,2,2,,,,1,2,1,2,,,,2,1,,,2,,2,,1,,,2,3,1,,2,,,2,,,,1,2,,2,1,,1,38,Rabbit,Turtle,Dog,Bird,Cat,Dog,Guinea pig,Rabbit,Hamster,Fish,Turtle,Hamster,Lizard,Fish,Rabbit,Cat,Lizard,Horse,Dog,Guinea pig,Bird,Cat,Guinea pig,Turtle,Hamster,Lizard,Bird,Fish,Guinea pig,Horse,5d78cdd0-8145-11f0-b804-559a6c8a454f,
2025-08-24 16:56:06,2025-08-24 16:56:06,2,,100,0,1,2025-08-24 16:56:07,R_6ybTzrDfN5xLiDk,,,,,,,test,,1,,,2,,3,2,,,1,,3,2,,,,1,3,,,,2,1,2,,1,,,2,3,,,,1,2,1,,,,2,1,,2,1,,2,39,Horse,Hamster,Lizard,Dog,Cat,Fish,Cat,Horse,Turtle,Rabbit,Hamster,Dog,Turtle,Guinea pig,Horse,Guinea pig,Turtle,Bird,Lizard,Dog,Cat,Guinea pig,Rabbit,Fish,Bird,Bird,Fish,Cat,Rabbit,Hamster,5d78cdd0-8145-11f0-b804-559a6c8a454f,
2025-08-24 16:56:07,2025-08-24 16:56:07,2,,100,0,1,2025-08-24 16:56:07,R_3f4V6LjglJ8BOQK,,,,,,,test,,,,,2,1,2,,1,2,,,2,,2,,1,,1,,2,,,1,2,1,,,2,,2,,,2,,1,1,,,,2,1,,2,1,,2,40,Bird,Lizard,Rabbit,Fish,Guinea pig,Lizard,Cat,Guinea pig,Turtle,Hamster,Hamster,Horse,Turtle,Cat,Dog,Turtle,Bird,Dog,Horse,Fish,Fish,Dog,Horse,Guinea pig,Rabbit,Cat,Guinea pig,Bird,Rabbit,Horse,5d78cdd0-8145-11f0-b804-559a6c8a454f,
2025-08-24 16:56:07,2025-08-24 16:56:07,2,,100,0,1,2025-08-24 16:56:07,R_0cuGitvoAnJJgrQ,,,,,,,test,,,,1,,2,1,2,,,1,,3,,,,1,2,1,,1,,,2,2,,,,2,1,3,2,,,1,,1,,,,2,1,,1,2,,2,41,Turtle,Guinea pig,Dog,Hamster,Bird,Lizard,Dog,Rabbit,Turtle,Guinea pig,Guinea pig,Lizard,Horse,Fish,Dog,Fish,Cat,Turtle,Bird,Hamster,Bird,Fish,Lizard,Cat,Rabbit,Horse,Rabbit,Cat,Lizard,Fish,5d78cdd0-8145-11f0-b804-559a6c8a454f,
2025-08-24 16:56:08,2025-08-24 16:56:08,2,,100,0,1,2025-08-24 16:56:08,R_5iKuDSdYMe50FCu,,,,,,,test,,,2,,1,,2,,,1,,2,3,,1,2,,,1,,,,2,1,2,,1,,2,,1,,,1,,2,2,,,,1,2,,2,1,,2,42,Bird,Hamster,Guinea pig,Rabbit,Fish,Guinea pig,Turtle,Rabbit,Fish,Bird,Fish,Cat,Hamster,Lizard,Dog,Hamster,Horse,Cat,Bird,Turtle,Horse,Lizard,Turtle,Guinea pig,Cat,Cat,Guinea pig,Horse,Dog,Lizard,5d78cdd0-8145-11f0-b804-559a6c8a454f,
2025-08-24 16:56:08,2025-08-24 16:56:08,2,,100,0,1,2025-08-24 16:56:08,R_d4FwC7h7EjNwb0G,,,,,,,test,,,,,2,1,2,,,2,,1,3,,,1,,2,2,1,,,,2,2,,1,2,,,3,,2,,,1,3,,,,1,1,,1,2,,1,43,Rabbit,Hamster,Bird,Guinea pig,Dog,Cat,Horse,Guinea pig,Bird,Hamster,Fish,Turtle,Rabbit,Dog,Cat,Turtle,Fish,Lizard,Rabbit,Horse,Bird,Cat,Dog,Hamster,Guinea pig,Lizard,Rabbit,Horse,Turtle,Fish,5d78cdd0-8145-11f0-b804-559a6c8a454f,
2025-08-24 16:56:08,2025-08-24 16:56:09,2,,100,1,1,2025-08-24 16:56:09,R_bCMnI512n2eY0NE,,,,,,,test,,1,,,,2,1,2,,,1,,3,,,2,1,,2,,,1,,2,3,1,,,2,,3,,2,,,1,2,,,,1,1,,1,2,,1,44,Turtle,Rabbit,Cat,Hamster,Horse,Rabbit,Guinea pig,Lizard,Fish,Bird,Lizard,Hamster,Dog,Cat,Turtle,Hamster,Horse,Guinea pig,Dog,Fish,Cat,Bird,Horse,Lizard,Rabbit,Horse,Fish,Turtle,Guinea pig,Cat,5d78cdd0-8145-11f0-b804-559a6c8a454f,
2025-08-24 16:56:09,2025-08-24 16:56:09,2,,100,0,1,2025-08-24 16:56:09,R_08PQe3To1fi9nVA,,,,,,,test,,,,1,,2,3,,,,1,2,1,,2,,1,,3,,2,1,,,3,,,2,,1,2,1,,,,2,1,,,,2,1,,2,1,,1,45,Horse,Rabbit,Turtle,Guinea pig,Dog,Rabbit,Turtle,Lizard,Dog,Bird,Turtle,Guinea pig,Fish,Hamster,Lizard,Bird,Cat,Guinea pig,Lizard,Rabbit,Lizard,Hamster,Cat,Turtle,Guinea pig,Hamster,Fish,Dog,Cat,Horse,5d78cdd0-8145-11f0-b804-559a6c8a454f,
2025-08-24 16:56:09,2025-08-24 16:56:10,2,,100,1,1,2025-08-24 16:56:10,R_1X0mb30YZhOeBBI,,,,,,,test,,2,,,,1,1,,,2,1,,1,2,,1,,,1,1,,2,,,3,2,,,,1,3,,1,,2,,1,,,,2,1,,2,1,,2,46,Turtle,Rabbit,Cat,Dog,Hamster,Lizard,Bird,Horse,Turtle,Fish,Horse,Guinea pig,Fish,Bird,Dog,Hamster,Cat,Rabbit,Fish,Guinea pig,Dog,Horse,Lizard,Hamster,Cat,Fish,Turtle,Guinea pig,Lizard,Rabbit,5d78cdd0-8145-11f0-b804-559a6c8a454f,
2025-08-24 16:56:10,2025-08-24 16:56:10,2,,100,0,1,2025-08-24 16:56:10,R_6Xs4TFKmtY0SLMq,,,,,,,test,,,2,,,1,1,,2,,,1,1,,,1,2,,3,1,,,2,,1,,,1,,2,2,,,,1,2,2,,,,1,1,,2,2,,2,47,Horse,Rabbit,Lizard,Cat,Dog,Fish,Bird,Guinea pig,Rabbit,Hamster,Guinea pig,Lizard,Dog,Bird,Cat,Bird,Hamster,Cat,Lizard,Rabbit,Turtle,Cat,Fish,Guinea pig,Lizard,Lizard,Turtle,Hamster,Dog,Horse,5d78cdd0-8145-11f0-b804-559a6c8a454f,
2025-08-24 16:56:10,2025-08-24 16:56:10,2,,100,0,1,2025-08-24 16:56:11,R_cBjfg0F6YuzvUG2,,,,,,,test,,,1,,2,,2,1,2,,,,1,1,2,,,,3,2,,,,1,1,,,2,1,,2,,,2,1,,3,,,,1,1,,1,2,,2,48,Dog,Turtle,Lizard,Hamster,Bird,Hamster,Guinea pig,Cat,Bird,Horse,Fish,Dog,Horse,Rabbit,Turtle,Bird,Lizard,Fish,Guinea pig,Cat,Guinea pig,Cat,Rabbit,Dog,Fish,Rabbit,Horse,Hamster,Turtle,Lizard,5d78cdd0-8145-11f0-b804-559a6c8a454f,
2025-08-24 16:56:11,2025-08-24 16:56:11,2,,100,0,1,2025-08-24 16:56:11,R_1HLXKaJqcemxg6W,,,,,,,test,,,1,,,2,3,2,,1,,,2,,2,,1,,3,,,1,2,,3,,,1,,2,3,,,,1,2,3,,,,2,1,,1,2,,2,49,Guinea pig,Hamster,Horse,Lizard,Rabbit,Fish,Lizard,Rabbit,Turtle,Horse,Horse,Rabbit,Guinea pig,Bird,Cat,Rabbit,Guinea pig,Bird,Dog,Turtle,Hamster,Dog,Cat,Guinea pig,Bird,Dog,Turtle,Lizard,Hamster,Fish,5d78cdd0-8145-11f0-b804-559a6c8a454f,
2025-08-24 16:56:11,2025-08-24 16:56:11,2,,100,0,1,2025-08-24 16:56:11,R_6DmNzngk1zPAh5s,,,,,,,test,,,,2,,1,2,,1,,,2,2,2,,1,,,2,,,2,,1,1,2,1,,,,1,,,1,2,,1,,,,2,1,,1,1,,1,50,Rabbit,Turtle,Guinea pig,Bird,Fish,Turtle,Hamster,Cat,Guinea pig,Bird,Cat,Horse,Lizard,Turtle,Guinea pig,Guinea pig,Dog,Rabbit,Horse,Lizard,Bird,Fish,Dog,Hamster,Rabbit,Fish,Lizard,Horse,Dog,Cat,5d78cdd0-8145-11f0-b804-559a6c8a454f,
2025-08-24 16:56:11,2025-08-24 16:56:12,2,,100,1,1,2025-08-24 16:56:12,R_cUd8K8pnDemblvE,,,,,,,test,,1,,2,,,3,,,1,2,,3,,,2,1,,2,,,2,1,,3,,,1,2,,1,,2,,1,,1,,,,2,1,,2,1,,2,51,Hamster,Turtle,Bird,Cat,Rabbit,Lizard,Guinea pig,Dog,Hamster,Horse,Fish,Bird,Rabbit,Horse,Guinea pig,Dog,Cat,Hamster,Lizard,Turtle,Cat,Fish,Lizard,Rabbit,Dog,Rabbit,Dog,Guinea pig,Turtle,Fish,5d78cdd0-8145-11f0-b804-559a6c8a454f,
2025-08-24 16:56:12,2025-08-24 16:56:12,2,,100,0,1,2025-08-24 16:56:12,R_bBlHNZMbRAosRjU,,,,,,,test,,,,2,1,,1,,2,,1,,2,2,,,,1,3,2,1,,,,2,,2,,,1,3,,1,,,2,1,,,,1,1,,1,1,,1,52,Cat,Guinea pig,Fish,Bird,Dog,Dog,Cat,Hamster,Turtle,Horse,Horse,Rabbit,Turtle,Guinea pig,Lizard,Rabbit,Bird,Guinea pig,Hamster,Fish,Turtle,Horse,Dog,Lizard,Cat,Fish,Hamster,Bird,Rabbit,Guinea pig,5d78cdd0-8145-11f0-b804-559a6c8a454f,
2025-08-24 16:56:12,2025-08-24 16:56:13,2,,100,1,1,2025-08-24 16:56:13,R_9uVaeV52lDym02W,,,,,,,test,,,2,,,1,1,,2,,1,,2,,,1,,2,2,,,2,1,,1,,1,,,2,2,1,,,,2,3,,,,2,2,,1,1,,2,53,Guinea pig,Bird,Lizard,Dog,Rabbit,Cat,Rabbit,Turtle,Horse,Hamster,Dog,Guinea pig,Cat,Turtle,Horse,Lizard,Horse,Rabbit,Bird,Fish,Turtle,Lizard,Guinea pig,Fish,Cat,Bird,Hamster,Fish,Lizard,Guinea pig,5d78cdd0-8145-11f0-b804-559a6c8a454f,
2025-08-24 16:56:13,2025-08-24 16:56:13,2,,100,0,1,2025-08-24 16:56:13,R_2lCQLxNRuzp5iho,,,,,,,test,,,2,1,,,1,,2,,,1,3,,,,2,1,2,1,,2,,,3,,1,,,2,1,,,2,1,,1,,,,2,1,,2,2,,2,54,Bird,Hamster,Guinea pig,Turtle,Horse,Rabbit,Fish,Dog,Hamster,Guinea pig,Turtle,Horse,Rabbit,Cat,Fish,Dog,Guinea pig,Turtle,Lizard,Bird,Hamster,Bird,Cat,Rabbit,Lizard,Horse,Cat,Lizard,Dog,Rabbit,5d78cdd0-8145-11f0-b804-559a6c8a454f,
2025-08-24 16:56:13,2025-08-24 16:56:14,2,,100,1,1,2025-08-24 16:56:14,R_5cYa1dCXbPelJQy,,,,,,,test,,,,2,1,,3,1,,,2,,3,,1,,2,,3,,2,,,1,3,,,2,1,,2,,1,2,,,2,,,,1,1,,1,2,,1,55,Guinea pig,Dog,Bird,Hamster,Horse,Lizard,Rabbit,Dog,Turtle,Fish,Fish,Guinea pig,Lizard,Dog,Rabbit,Bird,Turtle,Rabbit,Horse,Cat,Turtle,Fish,Guinea pig,Cat,Dog,Cat,Horse,Hamster,Lizard,Bird,5d78cdd0-8145-11f0-b804-559a6c8a454f,
2025-08-24 16:56:14,2025-08-24 16:56:14,2,,100,0,1,2025-08-24 16:56:14,R_cH2e1m3forYX3yS,,,,,,,test,,,,,1,2,1,1,,,2,,3,,,1,,2,2,2,,,1,,1,1,,2,,,1,2,1,,,,3,,,,1,2,,1,1,,1,56,Fish,Lizard,Bird,Turtle,Horse,Turtle,Fish,Dog,Rabbit,Bird,Dog,Guinea pig,Rabbit,Lizard,Cat,Guinea pig,Rabbit,Fish,Hamster,Turtle,Lizard,Horse,Cat,Dog,Guinea pig,Cat,Bird,Hamster,Horse,Fish,5d78cdd0-8145-11f0-b804-559a6c8a454f,
2025-08-24 16:56:14,2025-08-24 16:56:14,2,,100,0,1,2025-08-24 16:56:15,R_6DogyF8KhGcz9Qy,,,,,,,test,,2,,,1,,3,,2,,,1,1,,2,,,1,1,,,2,,1,1,,2,,,1,3,1,,,,2,2,,,,2,1,,1,2,,1,57,Rabbit,Hamster,Fish,Lizard,Cat,Turtle,Fish,Horse,Bird,Dog,Cat,Guinea pig,Turtle,Dog,Horse,Fish,Lizard,Cat,Guinea pig,Hamster,Guinea pig,Turtle,Bird,Horse,Lizard,Hamster,Dog,Rabbit,Cat,Turtle,5d78cdd0-8145-11f0-b804-559a6c8a454f,
2025-08-24 16:56:15,2025-08-24 16:56:15,2,,100,0,1,2025-08-24 16:56:15,R_eF2UupyCUZI7nGm,,,,,,,test,,,2,1,,,2,,,,2,1,3,,2,1,,,2,2,,,1,,3,2,,,1,,1,,2,,1,,1,,,,1,1,,1,1,,2,58,Dog,Rabbit,Fish,Hamster,Cat,Cat,Dog,Lizard,Horse,Bird,Rabbit,Horse,Guinea pig,Bird,Turtle,Guinea pig,Hamster,Bird,Turtle,Dog,Fish,Lizard,Cat,Guinea pig,Horse,Lizard,Cat,Turtle,Fish,Hamster,5d78cdd0-8145-11f0-b804-559a6c8a454f,
2025-08-24 16:56:15,2025-08-24 16:56:15,2,,100,0,1,2025-08-24 16:56:15,R_abXFlvvL2wImPrw,,,,,,,test,,,1,2,,,2,,,,1,2,1,2,,,1,,1,1,,,2,,2,2,1,,,,1,,,2,,1,1,,,,2,1,,1,2,,2,59,Fish,Horse,Bird,Dog,Lizard,Lizard,Rabbit,Horse,Guinea pig,Turtle,Turtle,Fish,Hamster,Horse,Cat,Cat,Bird,Rabbit,Turtle,Horse,Hamster,Guinea pig,Cat,Lizard,Rabbit,Dog,Turtle,Lizard,Fish,Hamster,5d78cdd0-8145-11f0-b804-559a6c8a454f,
2025-08-24 16:56:15,2025-08-24 16:56:16,2,,100,1,1,2025-08-24 16:56:16,R_3IeIYs7hLJSo8tw,,,,,,,test,,,,1,,2,2,2,,1,,,3,1,,,2,,1,,,2,1,,2,,2,1,,,1,,,,2,1,3,,,,2,1,,1,1,,2,60,Guinea pig,Fish,Cat,Dog,Rabbit,Hamster,Lizard,Fish,Horse,Dog,Bird,Dog,Rabbit,Turtle,Horse,Horse,Turtle,Guinea pig,Lizard,Cat,Rabbit,Guinea pig,Bird,Fish,Hamster,Fish,Cat,Lizard,Hamster,Bird,5d78cdd0-8145-11f0-b804-559a6c8a454f,
2025-08-24 16:56:16,2025-08-24 16:56:16,2,,100,0,1,2025-08-24 16:56:16,R_brxgTUFyJHQWAzI,,,,,,,test,,,,2,1,,3,,2,1,,,3,,1,2,,,3,,,,1,2,1,2,,1,,,2,,2,,1,,3,,,,2,2,,1,1,,2,61,Fish,Turtle,Lizard,Cat,Hamster,Horse,Dog,Rabbit,Fish,Lizard,Lizard,Guinea pig,Hamster,Bird,Dog,Hamster,Cat,Guinea pig,Horse,Rabbit,Rabbit,Horse,Turtle,Guinea pig,Cat,Cat,Hamster,Bird,Dog,Turtle,5d78cdd0-8145-11f0-b804-559a6c8a454f,
2025-08-24 16:56:16,2025-08-24 16:56:17,2,,100,1,1,2025-08-24 16:56:17,R_87Cjz6eecyzqUiG,,,,,,,test,,,,1,2,,2,,,,1,2,1,,2,1,,,1,,2,,,1,1,,,2,,1,1,1,,2,,,2,,,,1,1,,1,2,,2,62,Guinea pig,Horse,Dog,Rabbit,Lizard,Lizard,Fish,Cat,Dog,Horse,Turtle,Bird,Hamster,Horse,Rabbit,Hamster,Dog,Fish,Bird,Cat,Fish,Guinea pig,Bird,Hamster,Turtle,Cat,Lizard,Horse,Guinea pig,Hamster,5d78cdd0-8145-11f0-b804-559a6c8a454f,
2025-08-24 16:56:17,2025-08-24 16:56:17,2,,100,0,1,2025-08-24 16:56:17,R_cFJUOjGazJFg8Ga,,,,,,,test,,,1,2,,,3,2,,,,1,2,,2,,,1,2,,,,2,1,1,1,,,2,,2,,,1,,2,1,,,,2,1,,1,1,,1,63,Turtle,Cat,Guinea pig,Hamster,Rabbit,Bird,Fish,Hamster,Cat,Lizard,Horse,Hamster,Cat,Bird,Turtle,Guinea pig,Rabbit,Bird,Dog,Horse,Fish,Guinea pig,Turtle,Lizard,Dog,Dog,Lizard,Horse,Rabbit,Fish,5d78cdd0-8145-11f0-b804-559a6c8a454f,
2025-08-24 16:56:17,2025-08-24 16:56:17,2,,100,0,1,2025-08-24 16:56:18,R_5ovVfGQF18xvkCG,,,,,,,test,,1,,,,2,2,2,1,,,,2,,2,,1,,2,,2,1,,,1,2,,,1,,3,2,,,,1,3,,,,1,2,,1,1,,1,64,Hamster,Fish,Turtle,Rabbit,Cat,Turtle,Rabbit,Dog,Horse,Lizard,Guinea pig,Lizard,Hamster,Cat,Rabbit,Fish,Turtle,Horse,Bird,Dog,Rabbit,Dog,Bird,Fish,Hamster,Cat,Bird,Lizard,Guinea pig,Fish,5d78cdd0-8145-11f0-b804-559a6c8a454f,
2025-08-24 16:56:18,2025-08-24 16:56:18,2,,100,0,1,2025-08-24 16:56:18,R_41OvdDXMWAdhPqC,,,,,,,test,,,2,,,1,3,,,2,1,,2,,,,2,1,3,,,,2,1,2,,,,2,1,2,,,1,,2,1,,,,2,1,,1,1,,1,65,Horse,Lizard,Fish,Dog,Cat,Fish,Hamster,Turtle,Bird,Rabbit,Guinea pig,Dog,Bird,Rabbit,Hamster,Dog,Guinea pig,Hamster,Turtle,Lizard,Rabbit,Fish,Horse,Cat,Bird,Bird,Turtle,Rabbit,Lizard,Guinea pig,5d78cdd0-8145-11f0-b804-559a6c8a454f,
2025-08-24 16:56:18,2025-08-24 16:56:18,2,,100,0,1,2025-08-24 16:56:18,R_3dVd5IiYbbze6ua,,,,,,,test,,2,,1,,,3,2,,,1,,2,,,1,2,,2,,1,,2,,3,,,1,,2,3,,,1,2,,2,,,,1,1,,2,2,,2,66,Bird,Horse,Rabbit,Dog,Turtle,Rabbit,Bird,Dog,Guinea pig,Hamster,Turtle,Lizard,Horse,Cat,Fish,Lizard,Turtle,Fish,Hamster,Cat,Guinea pig,Cat,Bird,Rabbit,Horse,Horse,Hamster,Guinea pig,Fish,Bird,5d78cdd0-8145-11f0-b804-559a6c8a454f,
2025-08-24 16:56:18,2025-08-24 16:56:19,2,,100,1,1,2025-08-24 16:56:19,R_0Jyi9oFpJ8dgTUa,,,,,,,test,,2,1,,,,2,1,,2,,,3,2,,,,1,3,,,,1,2,1,,,2,1,,3,2,,1,,,3,,,,2,2,,1,1,,2,67,Fish,Rabbit,Turtle,Lizard,Horse,Cat,Horse,Dog,Hamster,Rabbit,Horse,Guinea pig,Fish,Rabbit,Lizard,Bird,Hamster,Horse,Dog,Fish,Dog,Turtle,Cat,Fish,Bird,Turtle,Lizard,Bird,Cat,Hamster,5d78cdd0-8145-11f0-b804-559a6c8a454f,
2025-08-24 16:56:19,2025-08-24 16:56:19,2,,100,0,1,2025-08-24 16:56:19,R_4JaEdhWk8KTinFs,,,,,,,test,,,,2,,1,3,,,,2,1,1,1,,,,2,3,2,,,,1,1,2,,1,,,3,,,2,,1,1,,,,2,2,,1,1,,1,68,Cat,Bird,Turtle,Fish,Hamster,Dog,Lizard,Fish,Horse,Guinea pig,Bird,Fish,Horse,Lizard,Turtle,Horse,Hamster,Dog,Rabbit,Cat,Rabbit,Dog,Hamster,Turtle,Bird,Lizard,Guinea pig,Bird,Dog,Fish,5d78cdd0-8145-11f0-b804-559a6c8a454f,
2025-08-24 16:56:19,2025-08-24 16:56:20,2,,100,1,1,2025-08-24 16:56:20,R_80oijNUwDnY9QGO,,,,,,,test,,1,,,2,,1,,,2,1,,2,,2,,1,,1,,,2,,1,3,1,2,,,,3,,,1,2,,1,,,,1,1,,1,2,,2,69,Cat,Lizard,Guinea pig,Horse,Rabbit,Guinea pig,Turtle,Bird,Rabbit,Dog,Fish,Bird,Dog,Turtle,Guinea pig,Dog,Cat,Rabbit,Fish,Bird,Turtle,Hamster,Fish,Cat,Lizard,Lizard,Fish,Horse,Guinea pig,Hamster,5d78cdd0-8145-11f0-b804-559a6c8a454f,
2025-08-24 16:56:20,2025-08-24 16:56:20,2,,100,0,1,2025-08-24 16:56:20,R_b3mcZ56IqQZLlVc,,,,,,,test,,,2,1,,,2,,,1,2,,3,,2,1,,,2,,,2,1,,3,,1,,2,,3,1,2,,,,1,,,,1,2,,1,1,,1,70,Horse,Bird,Cat,Fish,Turtle,Guinea pig,Turtle,Lizard,Horse,Dog,Rabbit,Guinea pig,Hamster,Turtle,Bird,Hamster,Cat,Rabbit,Dog,Fish,Lizard,Hamster,Bird,Rabbit,Horse,Fish,Dog,Guinea pig,Cat,Hamster,5d78cdd0-8145-11f0-b804-559a6c8a454f,
2025-08-24 16:56:20,2025-08-24 16:56:21,2,,100,1,1,2025-08-24 16:56:21,R_26qtbvur3sVUK9g,,,,,,,test,,1,,,2,,1,,,2,,1,3,,1,,2,,2,,,1,,2,2,2,1,,,,3,2,,1,,,3,,,,1,1,,1,2,,1,71,Bird,Cat,Guinea pig,Lizard,Dog,Lizard,Guinea pig,Rabbit,Hamster,Cat,Cat,Horse,Turtle,Guinea pig,Fish,Hamster,Lizard,Dog,Fish,Rabbit,Fish,Rabbit,Hamster,Horse,Turtle,Turtle,Bird,Fish,Rabbit,Horse,5d78cdd0-8145-11f0-b804-559a6c8a454f,
2025-08-24 16:56:21,2025-08-24 16:56:21,2,,100,0,1,2025-08-24 16:56:21,R_3xaD0HQBPA8WyeG,,,,,,,test,,2,,,1,,1,,1,,,2,3,2,,,1,,2,1,2,,,,1,2,1,,,,3,2,1,,,,2,,,,1,1,,1,2,,1,72,Bird,Lizard,Horse,Dog,Turtle,Hamster,Bird,Turtle,Rabbit,Cat,Rabbit,Dog,Cat,Lizard,Fish,Turtle,Guinea pig,Hamster,Bird,Rabbit,Guinea pig,Rabbit,Bird,Hamster,Dog,Lizard,Cat,Rabbit,Fish,Horse,5d78cdd0-8145-11f0-b804-559a6c8a454f,
2025-08-24 16:56:21,2025-08-24 16:56:22,2,,100,1,1,2025-08-24 16:56:22,R_3C8ZtHD5zTA9I22,,,,,,,test,,1,,,2,,1,1,2,,,,1,,1,,2,,1,2,,,1,,2,1,,,,2,3,,,2,1,,2,,,,1,2,,1,1,,1,73,Cat,Rabbit,Guinea pig,Horse,Fish,Turtle,Fish,Rabbit,Guinea pig,Bird,Rabbit,Horse,Dog,Turtle,Cat,Bird,Dog,Fish,Lizard,Guinea pig,Horse,Bird,Lizard,Hamster,Turtle,Guinea pig,Lizard,Cat,Fish,Hamster,5d78cdd0-8145-11f0-b804-559a6c8a454f,
2025-08-24 16:56:22,2025-08-24 16:56:22,2,,100,0,1,2025-08-24 16:56:22,R_6WO4Uw9wZUi5U1M,,,,,,,test,,,1,,,2,2,,2,,,1,2,,,,2,1,3,,1,2,,,3,,1,2,,,1,,,2,,1,2,,,,1,2,,2,2,,1,74,Hamster,Bird,Fish,Cat,Dog,Cat,Horse,Guinea pig,Hamster,Fish,Fish,Cat,Hamster,Guinea pig,Lizard,Horse,Dog,Turtle,Lizard,Bird,Lizard,Guinea pig,Bird,Turtle,Rabbit,Turtle,Rabbit,Dog,Horse,Hamster,5d78cdd0-8145-11f0-b804-559a6c8a454f,
2025-08-24 16:56:22,2025-08-24 16:56:22,2,,100,0,1,2025-08-24 16:56:22,R_41kN99F1KrHiimG,,,,,,,test,,1,2,,,,1,2,,,,1,3,2,1,,,,1,,1,,,2,1,2,,,1,,3,,1,,,2,2,,,,1,1,,2,2,,2,75,Horse,Bird,Fish,Turtle,Dog,Cat,Turtle,Lizard,Dog,Rabbit,Turtle,Cat,Horse,Hamster,Bird,Rabbit,Fish,Dog,Horse,Guinea pig,Dog,Rabbit,Hamster,Guinea pig,Turtle,Bird,Lizard,Guinea pig,Fish,Hamster,5d78cdd0-8145-11f0-b804-559a6c8a454f,
2025-08-24 16:56:23,2025-08-24 16:56:23,2,,100,0,1,2025-08-24 16:56:23,R_7ZIiCq8qhGiDLVk,,,,,,,test,,2,,,1,,1,,1,,,2,1,2,,,1,,1,,1,,,2,3,1,,,,2,3,,2,1,,,3,,,,1,2,,2,2,,1,76,Guinea pig,Lizard,Rabbit,Bird,Horse,Turtle,Rabbit,Horse,Fish,Hamster,Hamster,Horse,Turtle,Dog,Cat,Lizard,Bird,Dog,Guinea pig,Fish,Cat,Guinea pig,Fish,Lizard,Turtle,Bird,Cat,Guinea pig,Hamster,Dog,5d78cdd0-8145-11f0-b804-559a6c8a454f,
2025-08-24 16:56:23,2025-08-24 16:56:23,2,,100,0,1,2025-08-24 16:56:23,R_9LcNIw6U0cyVRbM,,,,,,,test,,1,,,2,,2,,2,1,,,3,,,,2,1,2,1,,2,,,1,1,,2,,,1,,,1,,2,3,,,,1,1,,2,2,,2,77,Horse,Hamster,Guinea pig,Rabbit,Lizard,Dog,Turtle,Lizard,Fish,Bird,Guinea pig,Rabbit,Horse,Cat,Dog,Rabbit,Guinea pig,Hamster,Bird,Cat,Fish,Horse,Bird,Dog,Hamster,Lizard,Bird,Turtle,Horse,Fish,5d78cdd0-8145-11f0-b804-559a6c8a454f,
2025-08-24 16:56:23,2025-08-24 16:56:24,2,,100,1,1,2025-08-24 16:56:24,R_d3Y79o2K4yJeWeq,,,,,,,test,,2,,1,,,2,,1,,,2,2,,2,,1,,2,2,,1,,,2,,,1,,2,1,,,1,2,,3,,,,2,1,,1,1,,1,78,Horse,Hamster,Rabbit,Lizard,Dog,Lizard,Horse,Cat,Turtle,Guinea pig,Hamster,Lizard,Fish,Bird,Horse,Dog,Fish,Hamster,Rabbit,Turtle,Fish,Cat,Dog,Guinea pig,Rabbit,Turtle,Rabbit,Bird,Cat,Lizard,5d78cdd0-8145-11f0-b804-559a6c8a454f,
2025-08-24 16:56:24,2025-08-24 16:56:24,2,,100,0,1,2025-08-24 16:56:24,R_eM9YidC6YKUJz6K,,,,,,,test,,2,,1,,,1,,,2,,1,2,,,2,1,,2,,1,,2,,3,,,,1,2,1,,2,1,,,1,,,,1,1,,2,1,,1,79,Fish,Guinea pig,Hamster,Lizard,Cat,Guinea pig,Dog,Lizard,Rabbit,Hamster,Bird,Lizard,Horse,Hamster,Dog,Cat,Horse,Turtle,Bird,Fish,Hamster,Rabbit,Fish,Cat,Bird,Rabbit,Turtle,Guinea pig,Dog,Horse,5d78cdd0-8145-11f0-b804-559a6c8a454f,
2025-08-24 16:56:24,2025-08-24 16:56:25,2,,100,1,1,2025-08-24 16:56:25,R_5mOa5H6J22mtKHI,,,,,,,test,,,2,,1,,3,,2,,1,,2,2,,,1,,3,,2,1,,,3,2,1,,,,2,,,1,2,,1,,,,1,1,,1,1,,1,80,Hamster,Fish,Bird,Cat,Turtle,Fish,Horse,Turtle,Rabbit,Lizard,Horse,Dog,Cat,Lizard,Fish,Bird,Rabbit,Hamster,Horse,Dog,Guinea pig,Lizard,Fish,Bird,Cat,Rabbit,Cat,Dog,Hamster,Guinea pig,5d78cdd0-8145-11f0-b804-559a6c8a454f,
2025-08-24 16:56:25,2025-08-24 16:56:25,2,,100,0,1,2025-08-24 16:56:25,R_8dY6FGzs29jm6TY,,,,,,,test,,,2,1,,,1,1,,2,,,1,,,1,,2,3,,2,,,1,3,,2,1,,,3,,1,,2,,2,,,,2,2,,2,1,,2,81,Turtle,Fish,Horse,Guinea pig,Bird,Dog,Guinea pig,Turtle,Bird,Hamster,Cat,Horse,Fish,Dog,Guinea pig,Fish,Hamster,Bird,Lizard,Horse,Lizard,Rabbit,Cat,Hamster,Turtle,Horse,Lizard,Rabbit,Cat,Dog,5d78cdd0-8145-11f0-b804-559a6c8a454f,
2025-08-24 16:56:25,2025-08-24 16:56:26,2,,100,1,1,2025-08-24 16:56:26,R_a3JZYZmWiFLi5jo,,,,,,,test,,1,2,,,,1,1,,,2,,1,,1,,,2,2,2,,,,1,2,,1,2,,,1,2,,,1,,1,,,,1,1,,2,2,,2,82,Cat,Lizard,Hamster,Rabbit,Horse,Lizard,Guinea pig,Rabbit,Cat,Hamster,Rabbit,Horse,Dog,Turtle,Fish,Guinea pig,Bird,Horse,Fish,Cat,Dog,Rabbit,Fish,Bird,Guinea pig,Bird,Dog,Turtle,Hamster,Lizard,5d78cdd0-8145-11f0-b804-559a6c8a454f,
2025-08-24 16:56:26,2025-08-24 16:56:26,2,,100,0,1,2025-08-24 16:56:26,R_3DiScFoD3q4tFiK,,,,,,,test,,,,1,,2,2,,1,2,,,3,2,,,,1,1,1,,2,,,2,,,,1,2,3,2,1,,,,3,,,,1,1,,1,2,,1,83,Fish,Rabbit,Dog,Cat,Lizard,Lizard,Bird,Fish,Horse,Guinea pig,Turtle,Dog,Guinea pig,Lizard,Rabbit,Hamster,Horse,Lizard,Guinea pig,Cat,Bird,Fish,Turtle,Rabbit,Hamster,Horse,Hamster,Cat,Bird,Dog,5d78cdd0-8145-11f0-b804-559a6c8a454f,
2025-08-24 16:56:26,2025-08-24 16:56:27,2,,100,1,1,2025-08-24 16:56:27,R_6txlLRMvkB8wwM6,,,,,,,test,,,,,1,2,1,,1,2,,,3,,,2,,1,3,1,2,,,,3,1,2,,,,3,,,1,2,,2,,,,1,1,,1,2,,2,84,Cat,Lizard,Dog,Rabbit,Fish,Turtle,Bird,Fish,Guinea pig,Lizard,Rabbit,Guinea pig,Horse,Cat,Hamster,Hamster,Horse,Guinea pig,Dog,Turtle,Horse,Turtle,Cat,Hamster,Dog,Fish,Dog,Bird,Horse,Rabbit,5d78cdd0-8145-11f0-b804-559a6c8a454f,
2025-08-24 16:56:27,2025-08-24 16:56:27,2,,100,0,1,2025-08-24 16:56:27,R_02kcdGVGnyVtbpA,,,,,,,test,,2,1,,,,3,2,,1,,,1,,,2,,1,3,1,2,,,,1,2,,,1,,3,,,1,,2,2,,,,2,1,,2,1,,2,85,Hamster,Dog,Guinea pig,Fish,Turtle,Horse,Cat,Turtle,Rabbit,Hamster,Cat,Guinea pig,Lizard,Turtle,Bird,Dog,Fish,Rabbit,Bird,Guinea pig,Guinea pig,Turtle,Horse,Lizard,Dog,Rabbit,Bird,Fish,Cat,Lizard,5d78cdd0-8145-11f0-b804-559a6c8a454f,
2025-08-24 16:56:27,2025-08-24 16:56:28,2,,100,1,1,2025-08-24 16:56:28,R_37qWAYX10RyeDm6,,,,,,,test,,,1,2,,,2,,2,,,1,1,,,,1,2,1,,1,2,,,3,,,2,1,,2,2,1,,,,3,,,,2,1,,1,2,,2,86,Hamster,Horse,Cat,Fish,Turtle,Guinea pig,Lizard,Hamster,Bird,Fish,Horse,Guinea pig,Turtle,Rabbit,Hamster,Lizard,Hamster,Dog,Cat,Bird,Cat,Turtle,Fish,Guinea pig,Lizard,Bird,Cat,Rabbit,Dog,Horse,5d78cdd0-8145-11f0-b804-559a6c8a454f,
2025-08-24 16:56:28,2025-08-24 16:56:28,2,,100,0,1,2025-08-24 16:56:28,R_24Py1WJ9fLhqzhY,,,,,,,test,,,,1,2,,2,,1,2,,,2,1,,,,2,1,,1,,2,,3,,,,1,2,1,,2,,1,,2,,,,2,1,,1,1,,2,87,Cat,Horse,Rabbit,Dog,Bird,Dog,Turtle,Fish,Horse,Rabbit,Guinea pig,Rabbit,Lizard,Turtle,Hamster,Turtle,Bird,Hamster,Fish,Guinea pig,Hamster,Dog,Guinea pig,Lizard,Cat,Fish,Lizard,Cat,Bird,Horse,5d78cdd0-8145-11f0-b804-559a6c8a454f,
2025-08-24 16:56:28,2025-08-24 16:56:28,2,,100,0,1,2025-08-24 16:56:28,R_2l5gIVuApqN2jtQ,,,,,,,test,,,2,,1,,1,2,,,1,,2,,2,,,1,2,1,,,2,,3,,1,2,,,2,1,,,,2,3,,,,2,2,,1,2,,1,88,Cat,Fish,Guinea pig,Turtle,Dog,Turtle,Hamster,Horse,Bird,Lizard,Dog,Turtle,Lizard,Cat,Fish,Guinea pig,Rabbit,Fish,Horse,Cat,Rabbit,Bird,Hamster,Lizard,Guinea pig,Lizard,Horse,Cat,Dog,Rabbit,5d78cdd0-8145-11f0-b804-559a6c8a454f,
2025-08-24 16:56:29,2025-08-24 16:56:29,2,,100,0,1,2025-08-24 16:56:29,R_2rzod6V4GbmtcIm,,,,,,,test,,,2,,1,,2,2,,1,,,3,,,,1,2,3,,,,1,2,1,2,1,,,,3,,,,2,1,1,,,,1,2,,1,1,,2,89,Fish,Horse,Bird,Rabbit,Lizard,Lizard,Fish,Cat,Guinea pig,Turtle,Rabbit,Hamster,Turtle,Bird,Cat,Horse,Dog,Guinea pig,Fish,Hamster,Hamster,Turtle,Horse,Cat,Dog,Dog,Rabbit,Hamster,Horse,Guinea pig,5d78cdd0-8145-11f0-b804-559a6c8a454f,
2025-08-24 16:56:29,2025-08-24 16:56:29,2,,100,0,1,2025-08-24 16:56:30,R_aW9woWj3yIbs0WG,,,,,,,test,,2,1,,,,1,,,1,,2,1,,2,1,,,2,2,,1,,,2,1,2,,,,1,,,,1,2,1,,,,2,1,,2,1,,1,90,Dog,Cat,Hamster,Horse,Turtle,Hamster,Bird,Lizard,Turtle,Rabbit,Cat,Turtle,Fish,Dog,Hamster,Bird,Guinea pig,Rabbit,Lizard,Horse,Rabbit,Fish,Horse,Cat,Bird,Fish,Lizard,Dog,Rabbit,Guinea pig,5d78cdd0-8145-11f0-b804-559a6c8a454f,
2025-08-24 16:56:30,2025-08-24 16:56:30,2,,100,0,1,2025-08-24 16:56:30,R_4HMxvP9GczbEvRA,,,,,,,test,,,,1,,2,2,,1,,2,,2,,,1,,2,1,,2,,1,,1,,,1,,2,3,1,,2,,,1,,,,1,1,,1,2,,1,91,Guinea pig,Cat,Fish,Dog,Horse,Turtle,Bird,Horse,Rabbit,Dog,Cat,Fish,Bird,Lizard,Guinea pig,Hamster,Turtle,Guinea pig,Horse,Lizard,Horse,Hamster,Dog,Bird,Rabbit,Fish,Rabbit,Turtle,Cat,Bird,5d78cdd0-8145-11f0-b804-559a6c8a454f,
2025-08-24 16:56:30,2025-08-24 16:56:30,2,,100,0,1,2025-08-24 16:56:30,R_9p4txR3derEv4lU,,,,,,,test,,2,1,,,,1,,1,,2,,3,1,,,2,,3,,2,1,,,1,,,2,,1,2,,,1,2,,2,,,,1,1,,2,2,,2,92,Fish,Horse,Guinea pig,Lizard,Cat,Hamster,Cat,Dog,Bird,Guinea pig,Rabbit,Hamster,Turtle,Dog,Lizard,Horse,Turtle,Hamster,Cat,Bird,Bird,Dog,Rabbit,Hamster,Fish,Guinea pig,Rabbit,Horse,Fish,Turtle,5d78cdd0-8145-11f0-b804-559a6c8a454f,
2025-08-24 16:56:30,2025-08-24 16:56:31,2,,100,1,1,2025-08-24 16:56:31,R_0ixOfLdD8lvypCK,,,,,,,test,,,1,,,2,2,,,2,,1,2,,2,1,,,3,1,,,2,,3,2,,,,1,2,2,,,,1,3,,,,2,1,,2,2,,2,93,Fish,Rabbit,Cat,Horse,Guinea pig,Rabbit,Fish,Turtle,Cat,Dog,Turtle,Hamster,Dog,Guinea pig,Bird,Hamster,Bird,Horse,Lizard,Rabbit,Guinea pig,Horse,Fish,Dog,Lizard,Cat,Turtle,Lizard,Bird,Fish,5d78cdd0-8145-11f0-b804-559a6c8a454f,
2025-08-24 16:56:31,2025-08-24 16:56:31,2,,100,0,1,2025-08-24 16:56:31,R_bKrev6qR1y84IoC,,,,,,,test,,,,1,,2,1,,,2,1,,3,2,,1,,,3,2,,,1,,2,,2,,,1,2,1,,2,,,2,,,,1,2,,2,1,,2,94,Fish,Cat,Lizard,Turtle,Horse,Cat,Rabbit,Turtle,Horse,Hamster,Guinea pig,Bird,Hamster,Lizard,Cat,Dog,Hamster,Guinea pig,Bird,Lizard,Horse,Guinea pig,Rabbit,Fish,Bird,Turtle,Fish,Bird,Rabbit,Dog,5d78cdd0-8145-11f0-b804-559a6c8a454f,
2025-08-24 16:56:31,2025-08-24 16:56:32,2,,100,1,1,2025-08-24 16:56:32,R_8611r5fvWuCE7NI,,,,,,,test,,1,,2,,,2,,1,,2,,1,1,,2,,,3,,2,1,,,2,,2,,1,,1,1,,,,2,3,,,,2,1,,2,1,,1,95,Horse,Guinea pig,Bird,Rabbit,Fish,Hamster,Bird,Turtle,Lizard,Guinea pig,Dog,Horse,Rabbit,Fish,Turtle,Fish,Dog,Guinea pig,Bird,Cat,Rabbit,Cat,Hamster,Horse,Lizard,Bird,Lizard,Horse,Turtle,Hamster,5d78cdd0-8145-11f0-b804-559a6c8a454f,
2025-08-24 16:56:32,2025-08-24 16:56:32,2,,100,0,1,2025-08-24 16:56:32,R_6X5HPenok5b4qhg,,,,,,,test,,,1,,2,,2,,1,,,2,3,1,2,,,,1,2,,,1,,3,,1,2,,,2,,1,2,,,1,,,,1,1,,1,1,,2,96,Bird,Horse,Fish,Dog,Cat,Hamster,Guinea pig,Turtle,Cat,Dog,Horse,Cat,Rabbit,Fish,Hamster,Fish,Hamster,Guinea pig,Turtle,Bird,Dog,Lizard,Hamster,Bird,Fish,Turtle,Bird,Horse,Rabbit,Lizard,5d78cdd0-8145-11f0-b804-559a6c8a454f,
2025-08-24 16:56:32,2025-08-24 16:56:33,2,,100,1,1,2025-08-24 16:56:33,R_5d2hiWnzVLDGLMG,,,,,,,test,,1,,2,,,3,,1,2,,,2,,1,,2,,2,1,,2,,,3,,,1,2,,3,1,,2,,,2,,,,2,1,,1,2,,1,97,Horse,Fish,Cat,Turtle,Lizard,Bird,Cat,Lizard,Guinea pig,Turtle,Cat,Dog,Hamster,Fish,Rabbit,Hamster,Lizard,Rabbit,Dog,Horse,Dog,Guinea pig,Turtle,Rabbit,Hamster,Guinea pig,Horse,Fish,Bird,Cat,5d78cdd0-8145-11f0-b804-559a6c8a454f,
2025-08-24 16:56:33,2025-08-24 16:56:33,2,,100,0,1,2025-08-24 16:56:33,R_6yv3p90yVqgJcfs,,,,,,,test,,,1,2,,,2,,,1,2,,2,1,,,,2,3,,2,,,1,1,2,1,,,,3,,1,2,,,2,,,,2,2,,1,2,,1,98,Cat,Guinea pig,Hamster,Lizard,Bird,Guinea pig,Bird,Cat,Dog,Rabbit,Bird,Rabbit,Horse,Cat,Fish,Dog,Lizard,Fish,Guinea pig,Hamster,Turtle,Fish,Rabbit,Hamster,Dog,Rabbit,Turtle,Lizard,Horse,Guinea pig,5d78cdd0-8145-11f0-b804-559a6c8a454f,
2025-08-24 16:56:33,2025-08-24 16:56:33,2,,100,0,1,2025-08-24 16:56:33,R_0uMKgjHt6TgcOFg,,,,,,,test,,2,,1,,,3,1,,2,,,3,1,2,,,,3,,,1,2,,2,,,2,,1,3,1,,2,,,2,,,,1,2,,1,2,,2,99,Bird,Lizard,Turtle,Hamster,Rabbit,Dog,Rabbit,Lizard,Fish,Cat,Hamster,Horse,Cat,Lizard,Fish,Horse,Bird,Fish,Guinea pig,Hamster,Guinea pig,Dog,Horse,Rabbit,Bird,Rabbit,Turtle,Dog,Cat,Lizard,5d78cdd0-8145-11f0-b804-559a6c8a454f,
2025-08-24 16:56:34,2025-08-24 16:56:34,2,,100,0,1,2025-08-24 16:56:34,R_9H5iJibLOnxNESG,,,,,,,test,,2,,,1,,3,1,,2,,,3,,,2,1,,2,1,,,,2,3,,1,,2,,3,1,,,2,,3,,,,1,2,,2,2,,1,100,Bird,Cat,Lizard,Guinea pig,Horse,Fish,Lizard,Horse,Hamster,Dog,Turtle,Rabbit,Bird,Lizard,Hamster,Rabbit,Guinea pig,Cat,Dog,Bird,Guinea pig,Dog,Fish,Horse,Turtle,Cat,Fish,Hamster,Rabbit,Lizard,5d78cdd0-8145-11f0-b804-559a6c8a454f,
2025-08-24 17:01:41,2025-08-24 17:01:41,2,,100,0,1,2025-08-24 17:01:41,R_54Ktzg7wMgy9shw,,,,,,,test,,,,,2,1,3,2,,1,,,3,2,,,,1,1,1,2,,,,1,2,,,1,,3,2,1,,,,2,,,,2,2,,1,2,,2,101,Bird,Hamster,Guinea pig,Turtle,Horse,Dog,Turtle,Lizard,Rabbit,Hamster,Fish,Cat,Turtle,Bird,Dog,Horse,Bird,Dog,Guinea pig,Turtle,Rabbit,Horse,Hamster,Cat,Fish,Cat,Guinea pig,Rabbit,Hamster,Lizard,5d78cdd0-8145-11f0-b804-559a6c8a454f,
2025-08-24 17:01:41,2025-08-24 17:01:42,2,,100,1,1,2025-08-24 17:01:42,R_cw2RwkOqIw7tnro,,,,,,,test,,,,2,1,,2,,,2,,1,1,,,,1,2,3,,,1,2,,1,1,2,,,,2,,,1,2,,1,,,,1,1,,1,1,,1,102,Rabbit,Turtle,Bird,Cat,Fish,Guinea pig,Bird,Dog,Rabbit,Lizard,Dog,Hamster,Rabbit,Guinea pig,Cat,Lizard,Rabbit,Fish,Turtle,Guinea pig,Horse,Dog,Lizard,Hamster,Bird,Cat,Guinea pig,Turtle,Horse,Hamster,5d78cdd0-8145-11f0-b804-559a6c8a454f,
2025-08-24 17:01:42,2025-08-24 17:01:42,2,,100,0,1,2025-08-24 17:01:42,R_aWAcXVkOCjbWqto,,,,,,,test,,,2,,1,,2,1,,2,,,3,1,,,,2,1,,,2,,1,2,1,,,,2,2,2,,1,,,1,,,,1,1,,1,2,,1,103,Dog,Bird,Lizard,Cat,Rabbit,Cat,Fish,Rabbit,Turtle,Hamster,Turtle,Horse,Dog,Lizard,Cat,Horse,Turtle,Hamster,Bird,Guinea pig,Bird,Lizard,Turtle,Rabbit,Fish,Fish,Guinea pig,Horse,Hamster,Dog,5d78cdd0-8145-11f0-b804-559a6c8a454f,
2025-08-24 17:01:42,2025-08-24 17:01:43,2,,100,1,1,2025-08-24 17:01:43,R_9ZWgskVavXuYhZs,,,,,,,test,,,,2,,1,1,2,,,,1,2,,,1,,2,3,2,1,,,,2,2,,,,1,2,,1,2,,,1,,,,2,1,,2,1,,2,104,Dog,Fish,Rabbit,Turtle,Guinea pig,Rabbit,Bird,Dog,Guinea pig,Cat,Turtle,Guinea pig,Lizard,Dog,Hamster,Lizard,Rabbit,Turtle,Fish,Horse,Horse,Hamster,Cat,Rabbit,Bird,Fish,Turtle,Hamster,Bird,Lizard,5d78cdd0-8145-11f0-b804-559a6c8a454f,
2025-08-24 17:01:43,2025-08-24 17:01:43,2,,100,0,1,2025-08-24 17:01:44,R_4N01AUKDg3yBMvI,,,,,,,test,,,2,1,,,2,1,,,,2,3,,,,1,2,2,1,2,,,,3,,,1,2,,1,,,1,2,,2,,,,2,1,,1,2,,1,105,Bird,Turtle,Fish,Dog,Hamster,Turtle,Fish,Guinea pig,Hamster,Rabbit,Guinea pig,Rabbit,Turtle,Horse,Lizard,Horse,Bird,Lizard,Guinea pig,Cat,Lizard,Horse,Dog,Cat,Fish,Hamster,Cat,Bird,Fish,Dog,5d78cdd0-8145-11f0-b804-559a6c8a454f,
2025-08-24 17:01:44,2025-08-24 17:01:44,2,,100,0,1,2025-08-24 17:01:44,R_5haiAurk786EmdE,,,,,,,test,,2,,1,,,3,,2,,1,,2,,,1,2,,3,,,2,,1,1,,,1,2,,2,2,1,,,,3,,,,2,1,,1,1,,2,106,Rabbit,Guinea pig,Cat,Lizard,Horse,Hamster,Dog,Rabbit,Fish,Cat,Dog,Fish,Lizard,Bird,Hamster,Lizard,Rabbit,Dog,Hamster,Turtle,Bird,Horse,Turtle,Guinea pig,Lizard,Cat,Turtle,Fish,Dog,Guinea pig,5d78cdd0-8145-11f0-b804-559a6c8a454f,
2025-08-24 17:01:44,2025-08-24 17:01:44,2,,100,0,1,2025-08-24 17:01:45,R_cYN2LMVEC39vAdo,,,,,,,test,,,2,1,,,2,,,2,,1,3,2,1,,,,3,,,,2,1,3,2,,1,,,3,,1,,2,,2,,,,2,1,,2,2,,2,107,Rabbit,Turtle,Hamster,Fish,Cat,Fish,Bird,Guinea pig,Horse,Hamster,Guinea pig,Hamster,Fish,Lizard,Turtle,Dog,Guinea pig,Turtle,Rabbit,Horse,Horse,Dog,Bird,Hamster,Lizard,Cat,Rabbit,Dog,Bird,Fish,5d78cdd0-8145-11f0-b804-559a6c8a454f,
2025-08-24 17:01:45,2025-08-24 17:01:45,2,,100,0,1,2025-08-24 17:01:45,R_5drwoJz1zDBqAWa,,,,,,,test,,2,,1,,,2,1,2,,,,1,2,,,1,,2,,2,,,1,1,1,,,2,,2,,1,,2,,1,,,,2,1,,2,2,,2,108,Horse,Hamster,Lizard,Bird,Turtle,Dog,Cat,Guinea pig,Turtle,Hamster,Guinea pig,Dog,Fish,Hamster,Horse,Lizard,Turtle,Rabbit,Fish,Guinea pig,Cat,Rabbit,Turtle,Lizard,Fish,Bird,Horse,Cat,Rabbit,Dog,5d78cdd0-8145-11f0-b804-559a6c8a454f,
2025-08-24 17:01:45,2025-08-24 17:01:45,2,,100,0,1,2025-08-24 17:01:45,R_8p2RVAahYv1OM2G,,,,,,,test,,1,,,2,,3,2,,,1,,1,,2,,1,,2,,2,1,,,1,1,,,2,,2,2,,1,,,2,,,,1,1,,2,2,,2,109,Hamster,Horse,Cat,Dog,Lizard,Cat,Guinea pig,Dog,Hamster,Rabbit,Guinea pig,Lizard,Fish,Cat,Hamster,Fish,Bird,Turtle,Rabbit,Dog,Horse,Rabbit,Guinea pig,Turtle,Bird,Lizard,Fish,Hamster,Horse,Turtle,5d78cdd0-8145-11f0-b804-559a6c8a454f,
2025-08-24 17:01:46,2025-08-24 17:01:46,2,,100,0,1,2025-08-24 17:01:46,R_8DozD2e4TblxMFM,,,,,,,test,,,2,,1,,2,1,2,,,,2,,1,,,2,1,2,1,,,,1,,,2,1,,3,,2,,1,,1,,,,1,1,,2,1,,1,110,Guinea pig,Hamster,Turtle,Fish,Horse,Lizard,Cat,Bird,Rabbit,Turtle,Horse,Fish,Guinea pig,Lizard,Rabbit,Dog,Bird,Horse,Cat,Guinea pig,Rabbit,Lizard,Hamster,Turtle,Fish,Bird,Dog,Rabbit,Hamster,Lizard,5d78cdd0-8145-11f0-b804-559a6c8a454f,
2025-08-24 17:01:46,2025-08-24 17:01:46,2,,100,0,1,2025-08-24 17:01:46,R_eScSbFqkIsOcxbo,,,,,,,test,,2,1,,,,2,2,1,,,,3,,1,2,,,1,,1,,2,,1,2,,1,,,1,,,,1,2,1,,,,1,1,,2,2,,1,111,Cat,Lizard,Fish,Horse,Hamster,Bird,Dog,Horse,Rabbit,Fish,Rabbit,Horse,Guinea pig,Hamster,Lizard,Hamster,Rabbit,Cat,Turtle,Bird,Dog,Fish,Turtle,Bird,Guinea pig,Guinea pig,Turtle,Lizard,Cat,Rabbit,5d78cdd0-8145-11f0-b804-559a6c8a454f,
2025-08-24 17:01:46,2025-08-24 17:01:47,2,,100,1,1,2025-08-24 17:01:47,R_3I7q2J8LIbwWeoK,,,,,,,test,,,,,2,1,2,1,,2,,,3,,1,,2,,2,,,,1,2,2,,,1,,2,2,,,1,,2,3,,,,2,1,,2,1,,2,112,Bird,Dog,Fish,Rabbit,Horse,Cat,Hamster,Bird,Guinea pig,Dog,Fish,Bird,Cat,Lizard,Hamster,Lizard,Fish,Dog,Turtle,Rabbit,Guinea pig,Horse,Turtle,Bird,Cat,Turtle,Lizard,Rabbit,Horse,Guinea pig,5d78cdd0-8145-11f0-b804-559a6c8a454f,
2025-08-24 17:01:47,2025-08-24 17:01:47,2,,100,0,1,2025-08-24 17:01:47,R_9vsErY62sgQNF0G,,,,,,,test,,2,,,1,,1,1,,,2,,3,2,,,1,,2,,,2,1,,2,,2,,,1,3,,2,,1,,1,,,,2,1,,1,1,,1,113,Rabbit,Cat,Lizard,Turtle,Dog,Lizard,Horse,Guinea pig,Rabbit,Bird,Fish,Hamster,Horse,Guinea pig,Turtle,Bird,Lizard,Hamster,Dog,Fish,Horse,Bird,Dog,Hamster,Rabbit,Hamster,Fish,Cat,Horse,Guinea pig,5d78cdd0-8145-11f0-b804-559a6c8a454f,
2025-08-24 17:01:47,2025-08-24 17:01:48,2,,100,1,1,2025-08-24 17:01:48,R_8tPMimxtzPfGQKi,,,,,,,test,,,,,1,2,3,,,,2,1,1,,,1,,2,3,1,,,,2,3,,1,,,2,3,2,1,,,,3,,,,2,2,,1,2,,2,114,Guinea pig,Lizard,Hamster,Fish,Turtle,Hamster,Fish,Lizard,Guinea pig,Horse,Bird,Guinea pig,Turtle,Rabbit,Fish,Horse,Dog,Fish,Cat,Guinea pig,Rabbit,Hamster,Bird,Dog,Cat,Dog,Cat,Horse,Bird,Lizard,5d78cdd0-8145-11f0-b804-559a6c8a454f,
2025-08-24 17:01:48,2025-08-24 17:01:48,2,,100,0,1,2025-08-24 17:01:48,R_bKmcyDItlT51atM,,,,,,,test,,1,,,2,,3,,2,,1,,1,,1,,2,,2,,,1,2,,3,,2,1,,,1,,,1,,2,1,,,,1,2,,1,1,,1,115,Bird,Guinea pig,Lizard,Dog,Fish,Rabbit,Cat,Hamster,Turtle,Bird,Cat,Horse,Bird,Guinea pig,Turtle,Guinea pig,Lizard,Turtle,Fish,Hamster,Fish,Hamster,Guinea pig,Horse,Dog,Dog,Turtle,Horse,Rabbit,Cat,5d78cdd0-8145-11f0-b804-559a6c8a454f,
2025-08-24 17:01:48,2025-08-24 17:01:49,2,,100,1,1,2025-08-24 17:01:49,R_8dpc6pZeMQrEp4W,,,,,,,test,,,1,,2,,1,,2,,1,,2,,,2,1,,2,1,,,,2,2,1,,,,2,1,,,1,,2,3,,,,2,1,,2,1,,1,116,Cat,Guinea pig,Dog,Fish,Bird,Dog,Bird,Horse,Hamster,Lizard,Fish,Turtle,Guinea pig,Dog,Hamster,Rabbit,Lizard,Bird,Guinea pig,Fish,Hamster,Cat,Lizard,Horse,Dog,Guinea pig,Horse,Turtle,Rabbit,Cat,5d78cdd0-8145-11f0-b804-559a6c8a454f,
2025-08-24 17:01:49,2025-08-24 17:01:49,2,,100,0,1,2025-08-24 17:01:49,R_emIh7A2U69XyrWe,,,,,,,test,,2,1,,,,2,,2,,,1,1,,,1,2,,1,,2,,1,,1,2,1,,,,2,,,2,1,,2,,,,1,1,,1,1,,1,117,Hamster,Turtle,Fish,Dog,Horse,Fish,Lizard,Hamster,Horse,Dog,Turtle,Rabbit,Guinea pig,Cat,Bird,Dog,Bird,Turtle,Fish,Cat,Rabbit,Guinea pig,Horse,Turtle,Lizard,Horse,Hamster,Cat,Lizard,Guinea pig,5d78cdd0-8145-11f0-b804-559a6c8a454f,
2025-08-24 17:01:49,2025-08-24 17:01:50,2,,100,1,1,2025-08-24 17:01:50,R_1QYUjjBKEtljAVg,,,,,,,test,,,1,,,2,2,,1,2,,,2,,,1,2,,2,2,,,,1,3,2,,,,1,3,,2,,,1,3,,,,2,1,,1,2,,1,118,Guinea pig,Fish,Hamster,Cat,Rabbit,Dog,Cat,Bird,Turtle,Lizard,Lizard,Rabbit,Turtle,Horse,Fish,Rabbit,Horse,Dog,Hamster,Guinea pig,Turtle,Hamster,Lizard,Guinea pig,Dog,Cat,Bird,Guinea pig,Fish,Turtle,5d78cdd0-8145-11f0-b804-559a6c8a454f,
2025-08-24 17:01:50,2025-08-24 17:01:50,2,,100,0,1,2025-08-24 17:01:50,R_6PfNogsP6fHY3Hw,,,,,,,test,,,,1,,2,3,,2,1,,,1,,1,,,2,3,2,1,,,,2,1,,2,,,2,2,,1,,,2,,,,2,2,,1,2,,2,119,Lizard,Bird,Turtle,Rabbit,Cat,Hamster,Rabbit,Guinea pig,Cat,Turtle,Bird,Guinea pig,Dog,Horse,Fish,Cat,Hamster,Fish,Dog,Guinea pig,Turtle,Fish,Horse,Lizard,Dog,Dog,Horse,Hamster,Bird,Rabbit,5d78cdd0-8145-11f0-b804-559a6c8a454f,
2025-08-24 17:01:50,2025-08-24 17:01:50,2,,100,0,1,2025-08-24 17:01:51,R_1AY4OcrIongmZ0y,,,,,,,test,,,2,,1,,3,1,,,,2,2,,,2,,1,3,,,2,,1,2,,,,1,2,2,,,,2,1,1,,,,1,1,,1,2,,2,120,Guinea pig,Turtle,Dog,Bird,Rabbit,Dog,Bird,Hamster,Fish,Cat,Hamster,Rabbit,Turtle,Guinea pig,Fish,Bird,Cat,Rabbit,Lizard,Turtle,Rabbit,Lizard,Horse,Dog,Guinea pig,Lizard,Fish,Cat,Horse,Hamster,5d78cdd0-8145-11f0-b804-559a6c8a454f,
2025-08-24 17:01:51,2025-08-24 17:01:51,2,,100,0,1,2025-08-24 17:01:51,R_bHDSyDhdaWpxH6u,,,,,,,test,,,2,1,,,3,1,,,,2,1,,,2,1,,3,,1,2,,,3,2,1,,,,3,1,,,2,,2,,,,1,1,,2,2,,2,121,Fish,Lizard,Bird,Hamster,Turtle,Guinea pig,Hamster,Cat,Dog,Bird,Horse,Cat,Lizard,Fish,Rabbit,Dog,Fish,Horse,Rabbit,Hamster,Turtle,Guinea pig,Rabbit,Bird,Lizard,Bird,Dog,Guinea pig,Turtle,Cat,5d78cdd0-8145-11f0-b804-559a6c8a454f,
2025-08-24 17:01:51,2025-08-24 17:01:51,2,,100,0,1,2025-08-24 17:01:51,R_cTFBA41R1E9moqW,,,,,,,test,,2,,,,1,1,,1,,2,,3,1,,,,2,2,,,2,1,,1,2,,1,,,3,,1,,2,,3,,,,1,1,,1,2,,1,122,Cat,Guinea pig,Turtle,Lizard,Horse,Horse,Rabbit,Cat,Bird,Turtle,Turtle,Bird,Lizard,Dog,Hamster,Guinea pig,Lizard,Bird,Horse,Dog,Hamster,Turtle,Fish,Cat,Rabbit,Dog,Fish,Hamster,Rabbit,Lizard,5d78cdd0-8145-11f0-b804-559a6c8a454f,
2025-08-24 17:01:52,2025-08-24 17:01:52,2,,100,0,1,2025-08-24 17:01:52,R_74ytpohihMFqLZ4,,,,,,,test,,,,1,2,,1,2,,,1,,3,,1,,,2,1,1,,2,,,2,,,,2,1,3,1,,2,,,2,,,,1,1,,2,1,,2,123,Dog,Fish,Cat,Lizard,Turtle,Turtle,Bird,Lizard,Guinea pig,Cat,Rabbit,Horse,Hamster,Turtle,Fish,Fish,Dog,Bird,Cat,Guinea pig,Bird,Rabbit,Guinea pig,Hamster,Horse,Lizard,Hamster,Dog,Horse,Rabbit,5d78cdd0-8145-11f0-b804-559a6c8a454f,
2025-08-24 17:01:52,2025-08-24 17:01:52,2,,100,0,1,2025-08-24 17:01:52,R_0VXtpGtZ1isFEF0,,,,,,,test,,1,,,,2,3,,,,1,2,2,1,,,2,,2,,1,,2,,1,,,2,1,,3,,,2,,1,3,,,,2,1,,1,1,,1,124,Cat,Lizard,Hamster,Dog,Guinea pig,Bird,Hamster,Fish,Rabbit,Cat,Horse,Dog,Guinea pig,Cat,Bird,Lizard,Guinea pig,Rabbit,Turtle,Horse,Dog,Bird,Turtle,Guinea pig,Fish,Rabbit,Fish,Lizard,Bird,Turtle,5d78cdd0-8145-11f0-b804-559a6c8a454f,
2025-08-24 17:01:52,2025-08-24 17:01:53,2,,100,1,1,2025-08-24 17:01:53,R_1RfjJ0BRR0BYAUS,,,,,,,test,,1,,,,2,3,1,,,2,,2,,,1,2,,2,1,,,2,,1,,2,,1,,3,,,2,1,,1,,,,1,2,,2,1,,2,125,Cat,Dog,Lizard,Hamster,Bird,Turtle,Lizard,Guinea pig,Bird,Horse,Horse,Cat,Hamster,Rabbit,Lizard,Lizard,Horse,Dog,Turtle,Cat,Rabbit,Fish,Bird,Guinea pig,Turtle,Fish,Guinea pig,Turtle,Dog,Hamster,5d78cdd0-8145-11f0-b804-559a6c8a454f,
2025-08-24 17:01:53,2025-08-24 17:01:53,2,,100,0,1,2025-08-24 17:01:53,R_2a95XdtNmczVhm6,,,,,,,test,,,1,,2,,2,,1,,2,,1,2,,,,1,1,,2,,1,,2,,,,1,2,2,2,,,1,,1,,,,1,1,,1,1,,1,126,Bird,Guinea pig,Fish,Hamster,Turtle,Lizard,Horse,Hamster,Bird,Cat,Fish,Rabbit,Cat,Guinea pig,Dog,Cat,Lizard,Rabbit,Dog,Hamster,Hamster,Turtle,Horse,Fish,Guinea pig,Turtle,Dog,Bird,Horse,Rabbit,5d78cdd0-8145-11f0-b804-559a6c8a454f,
2025-08-24 17:01:53,2025-08-24 17:01:54,2,,100,1,1,2025-08-24 17:01:54,R_4YrM7JMQNZLKCMK,,,,,,,test,,1,,,2,,1,,,,1,2,2,,2,1,,,2,,,1,2,,1,2,,,,1,2,1,,2,,,3,,,,2,1,,2,2,,1,127,Hamster,Lizard,Rabbit,Turtle,Horse,Rabbit,Bird,Guinea pig,Fish,Lizard,Fish,Horse,Hamster,Cat,Guinea pig,Cat,Guinea pig,Dog,Hamster,Rabbit,Turtle,Cat,Horse,Dog,Bird,Bird,Turtle,Cat,Lizard,Fish,5d78cdd0-8145-11f0-b804-559a6c8a454f,
2025-08-24 17:01:54,2025-08-24 17:01:54,2,,100,0,1,2025-08-24 17:01:54,R_0llfQg0OsWrZCGW,,,,,,,test,,,2,,1,,3,1,,,,2,1,2,,,1,,2,,1,,,2,1,2,,,,1,1,,,2,1,,3,,,,1,1,,1,1,,2,128,Bird,Hamster,Lizard,Fish,Cat,Cat,Bird,Horse,Lizard,Turtle,Horse,Dog,Turtle,Bird,Lizard,Fish,Guinea pig,Rabbit,Turtle,Horse,Turtle,Lizard,Guinea pig,Rabbit,Dog,Hamster,Horse,Fish,Guinea pig,Bird,5d78cdd0-8145-11f0-b804-559a6c8a454f,
2025-08-24 17:01:54,2025-08-24 17:01:55,2,,100,1,1,2025-08-24 17:01:55,R_emnGrcnatfODPXE,,,,,,,test,,2,,,1,,2,1,2,,,,2,1,,2,,,2,,,,1,2,3,,,1,2,,1,2,,1,,,1,,,,1,2,,1,2,,1,129,Guinea pig,Cat,Dog,Fish,Turtle,Hamster,Lizard,Guinea pig,Bird,Cat,Turtle,Rabbit,Bird,Guinea pig,Dog,Horse,Dog,Rabbit,Hamster,Guinea pig,Fish,Turtle,Horse,Cat,Lizard,Rabbit,Hamster,Fish,Horse,Bird,5d78cdd0-8145-11f0-b804-559a6c8a454f,
2025-08-24 17:01:55,2025-08-24 17:01:55,2,,100,0,1,2025-08-24 17:01:55,R_1MmW6TBAyLDbimO,,,,,,,test,,1,,2,,,2,2,1,,,,1,1,,,,2,1,2,,,,1,2,1,,2,,,3,,,1,,2,2,,,,2,1,,2,2,,2,130,Turtle,Horse,Fish,Hamster,Guinea pig,Cat,Rabbit,Dog,Lizard,Bird,Lizard,Fish,Hamster,Bird,Dog,Horse,Guinea pig,Lizard,Fish,Turtle,Rabbit,Turtle,Cat,Horse,Lizard,Guinea pig,Hamster,Rabbit,Cat,Fish,5d78cdd0-8145-11f0-b804-559a6c8a454f,
2025-08-24 17:01:55,2025-08-24 17:01:55,2,,100,0,1,2025-08-24 17:01:56,R_9BwubgHa7axw2AS,,,,,,,test,,1,2,,,,2,2,,,,1,2,,,2,,1,1,,,1,,2,1,1,,2,,,2,2,,,1,,1,,,,1,1,,1,1,,1,131,Rabbit,Guinea pig,Turtle,Fish,Lizard,Guinea pig,Lizard,Cat,Horse,Dog,Cat,Dog,Lizard,Bird,Turtle,Fish,Cat,Bird,Hamster,Horse,Bird,Fish,Rabbit,Turtle,Hamster,Dog,Hamster,Horse,Rabbit,Guinea pig,5d78cdd0-8145-11f0-b804-559a6c8a454f,
2025-08-24 17:01:56,2025-08-24 17:01:56,2,,100,0,1,2025-08-24 17:01:56,R_8okwupiKIalTobA,,,,,,,test,,,,1,2,,2,1,,,,2,1,,2,,,1,2,2,1,,,,1,,,1,,2,3,2,,,,1,3,,,,1,1,,2,1,,2,132,Guinea pig,Turtle,Hamster,Fish,Bird,Fish,Rabbit,Cat,Lizard,Horse,Lizard,Dog,Turtle,Guinea pig,Cat,Dog,Fish,Lizard,Turtle,Hamster,Cat,Guinea pig,Bird,Horse,Rabbit,Rabbit,Cat,Dog,Bird,Guinea pig,5d78cdd0-8145-11f0-b804-559a6c8a454f,
2025-08-24 17:01:56,2025-08-24 17:01:56,2,,100,0,1,2025-08-24 17:01:56,R_3aSjfs1EPAJaCpw,,,,,,,test,,,2,,1,,3,,2,,1,,1,2,,,1,,3,,,2,1,,3,,,,2,1,3,2,1,,,,1,,,,2,1,,2,1,,1,133,Hamster,Guinea pig,Bird,Rabbit,Lizard,Fish,Hamster,Turtle,Cat,Dog,Lizard,Fish,Dog,Horse,Bird,Rabbit,Dog,Fish,Turtle,Horse,Horse,Bird,Guinea pig,Hamster,Fish,Turtle,Rabbit,Cat,Lizard,Guinea pig,5d78cdd0-8145-11f0-b804-559a6c8a454f,
2025-08-24 17:01:56,2025-08-24 17:01:57,2,,100,1,1,2025-08-24 17:01:57,R_aXKl9Cu6qRb7Wu2,,,,,,,test,,,,,2,1,3,,,2,1,,2,2,1,,,,2,1,,,2,,2,,,,1,2,3,1,,,2,,1,,,,1,2,,2,1,,2,134,Lizard,Fish,Dog,Turtle,Hamster,Horse,Cat,Fish,Bird,Guinea pig,Fish,Guinea pig,Rabbit,Cat,Dog,Rabbit,Turtle,Horse,Hamster,Lizard,Guinea pig,Rabbit,Cat,Horse,Bird,Turtle,Dog,Hamster,Rabbit,Horse,5d78cdd0-8145-11f0-b804-559a6c8a454f,
2025-08-24 17:01:57,2025-08-24 17:01:57,2,,100,0,1,2025-08-24 17:01:57,R_0220nwFi8HI8AZg,,,,,,,test,,,,1,2,,1,,2,,,1,2,,1,2,,,3,2,,1,,,1,,1,,2,,1,,2,,,1,2,,,,1,1,,2,2,,1,135,Turtle,Dog,Fish,Horse,Rabbit,Bird,Lizard,Turtle,Dog,Horse,Fish,Hamster,Cat,Bird,Guinea pig,Guinea pig,Horse,Rabbit,Fish,Cat,Hamster,Fish,Lizard,Turtle,Dog,Dog,Turtle,Bird,Guinea pig,Hamster,5d78cdd0-8145-11f0-b804-559a6c8a454f,
2025-08-24 17:01:57,2025-08-24 17:01:58,2,,100,1,1,2025-08-24 17:01:58,R_4T8pPGuKdDaokku,,,,,,,test,,,,1,,2,3,2,,1,,,1,,,,1,2,3,,,,1,2,1,,1,2,,,1,,2,,1,,1,,,,2,1,,2,2,,1,136,Cat,Lizard,Hamster,Turtle,Dog,Dog,Turtle,Fish,Rabbit,Horse,Turtle,Guinea pig,Lizard,Fish,Bird,Guinea pig,Dog,Horse,Lizard,Hamster,Rabbit,Cat,Turtle,Bird,Guinea pig,Hamster,Fish,Bird,Horse,Lizard,5d78cdd0-8145-11f0-b804-559a6c8a454f,
2025-08-24 17:01:58,2025-08-24 17:01:58,2,,100,0,1,2025-08-24 17:01:58,R_cwKGFVgSLHWEwpU,,,,,,,test,,,,2,1,,3,2,,,,1,2,2,1,,,,3,2,,,1,,2,2,,,1,,3,,1,,,2,1,,,,2,1,,2,2,,2,137,Horse,Cat,Guinea pig,Hamster,Bird,Fish,Guinea pig,Cat,Dog,Rabbit,Guinea pig,Rabbit,Turtle,Fish,Cat,Dog,Fish,Lizard,Guinea pig,Hamster,Turtle,Hamster,Horse,Bird,Lizard,Rabbit,Turtle,Bird,Lizard,Horse,5d78cdd0-8145-11f0-b804-559a6c8a454f,
2025-08-24 17:01:58,2025-08-24 17:01:59,2,,100,1,1,2025-08-24 17:01:59,R_bfkpMGS8CRWg61M,,,,,,,test,,,2,,,1,1,,,,1,2,2,,2,,1,,2,,1,,,2,2,,,1,2,,3,,1,2,,,3,,,,1,2,,2,1,,2,138,Dog,Fish,Lizard,Bird,Horse,Hamster,Bird,Turtle,Dog,Guinea pig,Guinea pig,Cat,Fish,Rabbit,Hamster,Bird,Hamster,Guinea pig,Lizard,Rabbit,Rabbit,Lizard,Cat,Guinea pig,Turtle,Horse,Turtle,Hamster,Cat,Lizard,5d78cdd0-8145-11f0-b804-559a6c8a454f,
2025-08-24 17:01:59,2025-08-24 17:01:59,2,,100,0,1,2025-08-24 17:01:59,R_4SWHxfTcNrfijJk,,,,,,,test,,,,1,,2,2,,1,,,2,1,,1,2,,,2,2,1,,,,3,,2,1,,,2,,2,1,,,3,,,,1,1,,1,1,,2,139,Hamster,Bird,Dog,Lizard,Guinea pig,Lizard,Hamster,Bird,Fish,Horse,Rabbit,Fish,Cat,Horse,Turtle,Guinea pig,Cat,Turtle,Rabbit,Bird,Turtle,Horse,Hamster,Dog,Fish,Cat,Turtle,Rabbit,Guinea pig,Lizard,5d78cdd0-8145-11f0-b804-559a6c8a454f,
2025-08-24 17:01:59,2025-08-24 17:02:00,2,,100,1,1,2025-08-24 17:02:00,R_9XjMheaMnynFDGm,,,,,,,test,,,,,2,1,1,1,2,,,,1,,1,,,2,2,,2,,1,,3,2,1,,,,1,,1,,,2,1,,,,2,1,,1,2,,1,140,Cat,Fish,Bird,Turtle,Guinea pig,Horse,Bird,Lizard,Guinea pig,Dog,Turtle,Rabbit,Dog,Lizard,Bird,Guinea pig,Turtle,Cat,Horse,Fish,Dog,Guinea pig,Hamster,Cat,Horse,Lizard,Dog,Fish,Hamster,Turtle,5d78cdd0-8145-11f0-b804-559a6c8a454f,
2025-08-24 17:02:00,2025-08-24 17:02:00,2,,100,0,1,2025-08-24 17:02:00,R_0TXMXfuxqhX5PX8,,,,,,,test,,,1,,,2,1,1,,,,2,1,,,,1,2,1,,2,1,,,3,2,,,1,,2,,,,2,1,3,,,,1,2,,2,1,,1,141,Dog,Horse,Guinea pig,Hamster,Lizard,Hamster,Bird,Fish,Turtle,Cat,Bird,Turtle,Hamster,Rabbit,Fish,Rabbit,Guinea pig,Dog,Cat,Horse,Lizard,Cat,Horse,Bird,Turtle,Horse,Dog,Rabbit,Fish,Guinea pig,5d78cdd0-8145-11f0-b804-559a6c8a454f,
2025-08-24 17:02:00,2025-08-24 17:02:01,2,,100,1,1,2025-08-24 17:02:01,R_ddjdUw06rsFiCvI,,,,,,,test,,,,,2,1,3,,,,1,2,2,1,,2,,,3,,1,,,2,2,2,1,,,,1,2,,,1,,3,,,,2,1,,2,2,,2,142,Bird,Rabbit,Fish,Lizard,Hamster,Cat,Lizard,Turtle,Guinea pig,Fish,Hamster,Dog,Guinea pig,Horse,Bird,Horse,Turtle,Lizard,Hamster,Rabbit,Guinea pig,Cat,Dog,Bird,Horse,Fish,Bird,Cat,Rabbit,Dog,5d78cdd0-8145-11f0-b804-559a6c8a454f,
2025-08-24 17:02:01,2025-08-24 17:02:01,2,,100,0,1,2025-08-24 17:02:01,R_1M5VXZnQONA5xzg,,,,,,,test,,,1,2,,,2,,,2,1,,1,,,,1,2,3,1,,,,2,3,,2,1,,,3,,2,,,1,3,,,,2,1,,2,2,,1,143,Guinea pig,Cat,Rabbit,Fish,Hamster,Dog,Horse,Bird,Hamster,Rabbit,Bird,Hamster,Dog,Rabbit,Lizard,Turtle,Fish,Cat,Horse,Dog,Fish,Guinea pig,Hamster,Lizard,Turtle,Horse,Dog,Lizard,Turtle,Guinea pig,5d78cdd0-8145-11f0-b804-559a6c8a454f,
2025-08-24 17:02:01,2025-08-24 17:02:02,2,,100,1,1,2025-08-24 17:02:02,R_06xXDn2wIRFi9cq,,,,,,,test,,,1,2,,,1,,1,,2,,3,1,,,,2,3,1,,2,,,3,2,,,1,,1,,2,1,,,1,,,,2,1,,2,1,,1,144,Horse,Fish,Cat,Guinea pig,Turtle,Lizard,Guinea pig,Horse,Turtle,Fish,Hamster,Rabbit,Guinea pig,Dog,Cat,Bird,Horse,Hamster,Cat,Dog,Turtle,Bird,Fish,Lizard,Hamster,Fish,Lizard,Dog,Rabbit,Bird,5d78cdd0-8145-11f0-b804-559a6c8a454f,
2025-08-24 17:02:02,2025-08-24 17:02:02,2,,100,0,1,2025-08-24 17:02:02,R_bQPWQ2Glpz9JqPY,,,,,,,test,,1,,,,2,1,1,2,,,,3,2,1,,,,3,2,1,,,,2,1,,,,2,3,1,,,2,,3,,,,2,2,,2,2,,2,145,Cat,Horse,Rabbit,Turtle,Fish,Lizard,Cat,Hamster,Rabbit,Turtle,Turtle,Fish,Bird,Hamster,Lizard,Dog,Bird,Cat,Guinea pig,Horse,Horse,Rabbit,Fish,Lizard,Dog,Bird,Guinea pig,Lizard,Dog,Hamster,5d78cdd0-8145-11f0-b804-559a6c8a454f,
2025-08-24 17:02:02,2025-08-24 17:02:02,2,,100,0,1,2025-08-24 17:02:03,R_d0FiT2nF5bl4MWG,,,,,,,test,,2,,,1,,2,2,,,,1,2,1,,,,2,1,1,2,,,,1,,1,,2,,2,2,,1,,,3,,,,2,2,,1,1,,2,146,Turtle,Dog,Bird,Horse,Rabbit,Horse,Bird,Hamster,Fish,Turtle,Cat,Turtle,Dog,Hamster,Lizard,Lizard,Cat,Guinea pig,Bird,Fish,Hamster,Horse,Rabbit,Guinea pig,Cat,Dog,Rabbit,Fish,Lizard,Guinea pig,5d78cdd0-8145-11f0-b804-559a6c8a454f,
2025-08-24 17:02:03,2025-08-24 17:02:03,2,,100,0,1,2025-08-24 17:02:03,R_9HL00cAqisuLcAS,,,,,,,test,,,2,,,1,3,2,,,1,,1,,2,,1,,2,1,,,2,,2,,1,2,,,3,,,2,1,,1,,,,1,2,,1,2,,1,147,Lizard,Rabbit,Hamster,Dog,Cat,Horse,Lizard,Bird,Turtle,Guinea pig,Guinea pig,Turtle,Horse,Fish,Bird,Fish,Dog,Lizard,Cat,Hamster,Cat,Bird,Fish,Horse,Dog,Dog,Hamster,Rabbit,Lizard,Turtle,5d78cdd0-8145-11f0-b804-559a6c8a454f,
2025-08-24 17:02:03,2025-08-24 17:02:03,2,,100,0,1,2025-08-24 17:02:04,R_6txSTl4U0VROyma,,,,,,,test,,,1,,,2,1,,2,,1,,2,,2,,1,,3,,,2,,1,1,,1,,2,,2,2,,,,1,2,,,,1,1,,1,2,,2,148,Horse,Rabbit,Guinea pig,Cat,Dog,Hamster,Fish,Bird,Horse,Guinea pig,Bird,Horse,Fish,Guinea pig,Rabbit,Lizard,Bird,Dog,Hamster,Turtle,Rabbit,Dog,Lizard,Turtle,Bird,Cat,Hamster,Horse,Lizard,Fish,5d78cdd0-8145-11f0-b804-559a6c8a454f,
2025-08-24 17:02:04,2025-08-24 17:02:04,2,,100,0,1,2025-08-24 17:02:04,R_b8ZWsFy4wuqLlwa,,,,,,,test,,1,,2,,,2,1,,,2,,1,,2,,,1,3,,2,,1,,3,1,,,2,,1,,1,,2,,1,,,,2,2,,1,2,,1,149,Rabbit,Hamster,Cat,Lizard,Fish,Hamster,Cat,Rabbit,Fish,Turtle,Bird,Horse,Turtle,Hamster,Cat,Dog,Rabbit,Bird,Turtle,Horse,Turtle,Dog,Guinea pig,Bird,Lizard,Lizard,Bird,Dog,Rabbit,Guinea pig,5d78cdd0-8145-11f0-b804-559a6c8a454f,
2025-08-24 17:02:04,2025-08-24 17:02:04,2,,100,0,1,2025-08-24 17:02:04,R_9Ty9fm83Vivp6Em,,,,,,,test,,,2,,,1,2,,2,,1,,3,,1,2,,,3,2,,,1,,2,,,1,2,,2,,,,2,1,2,,,,2,1,,2,1,,2,150,Hamster,Bird,Guinea pig,Rabbit,Cat,Fish,Lizard,Cat,Guinea pig,Hamster,Cat,Dog,Fish,Hamster,Turtle,Horse,Cat,Bird,Lizard,Fish,Lizard,Hamster,Horse,Turtle,Bird,Bird,Rabbit,Dog,Horse,Guinea pig,5d78cdd0-8145-11f0-b804-559a6c8a454f,
2025-08-24 17:02:04,2025-08-24 17:02:05,2,,100,1,1,2025-08-24 17:02:05,R_0IlnSI3mv3852Em,,,,,,,test,,,1,,,2,2,,2,1,,,3,1,2,,,,3,,2,,,1,3,,1,,,2,3,,2,,1,,3,,,,2,2,,2,2,,1,151,Lizard,Dog,Bird,Guinea pig,Fish,Turtle,Guinea pig,Dog,Hamster,Horse,Cat,Horse,Fish,Rabbit,Lizard,Bird,Fish,Turtle,Dog,Hamster,Dog,Cat,Rabbit,Turtle,Guinea pig,Rabbit,Lizard,Horse,Cat,Bird,5d78cdd0-8145-11f0-b804-559a6c8a454f,
2025-08-24 17:02:05,2025-08-24 17:02:05,2,,100,0,1,2025-08-24 17:02:05,R_7U2G3pXzUgwFbFQ,,,,,,,test,,2,,1,,,1,1,,,2,,3,,,2,1,,1,,2,,,1,3,2,1,,,,1,,1,,2,,3,,,,2,1,,2,2,,2,152,Rabbit,Hamster,Lizard,Dog,Turtle,Guinea pig,Dog,Rabbit,Lizard,Hamster,Horse,Guinea pig,Fish,Cat,Bird,Bird,Lizard,Turtle,Fish,Cat,Lizard,Horse,Guinea pig,Bird,Fish,Cat,Bird,Hamster,Turtle,Horse,5d78cdd0-8145-11f0-b804-559a6c8a454f,
2025-08-24 17:02:05,2025-08-24 17:02:06,2,,100,1,1,2025-08-24 17:02:06,R_1FGYmmrIyryQiUe,,,,,,,test,,,,1,,2,3,,1,,,2,2,,,2,1,,1,1,,2,,,3,,,,1,2,2,,2,1,,,2,,,,1,1,,1,1,,2,153,Fish,Horse,Guinea pig,Hamster,Bird,Dog,Guinea pig,Horse,Fish,Lizard,Lizard,Bird,Hamster,Turtle,Rabbit,Horse,Hamster,Rabbit,Bird,Cat,Turtle,Fish,Dog,Cat,Guinea pig,Rabbit,Cat,Lizard,Horse,Dog,5d78cdd0-8145-11f0-b804-559a6c8a454f,
2025-08-24 17:02:06,2025-08-24 17:02:06,2,,100,0,1,2025-08-24 17:02:06,R_3VlajA7RNkEjKaW,,,,,,,test,,1,2,,,,2,,2,,,1,2,1,2,,,,1,2,1,,,,1,,2,1,,,3,,2,1,,,2,,,,2,2,,1,1,,1,154,Dog,Hamster,Guinea pig,Horse,Turtle,Hamster,Turtle,Dog,Cat,Rabbit,Turtle,Rabbit,Lizard,Fish,Horse,Rabbit,Cat,Bird,Turtle,Lizard,Guinea pig,Horse,Fish,Lizard,Dog,Bird,Guinea pig,Hamster,Dog,Fish,5d78cdd0-8145-11f0-b804-559a6c8a454f,
2025-08-24 17:02:06,2025-08-24 17:02:07,2,,100,1,1,2025-08-24 17:02:07,R_e50ulFfldgOWjps,,,,,,,test,,,,2,1,,2,2,,,,1,2,2,,,1,,2,,,,2,1,3,2,,,1,,3,,,1,,2,3,,,,1,2,,1,2,,1,155,Lizard,Fish,Rabbit,Horse,Turtle,Bird,Dog,Horse,Turtle,Cat,Horse,Rabbit,Hamster,Lizard,Bird,Cat,Horse,Bird,Guinea pig,Fish,Guinea pig,Turtle,Lizard,Hamster,Dog,Dog,Guinea pig,Fish,Cat,Rabbit,5d78cdd0-8145-11f0-b804-559a6c8a454f,
2025-08-24 17:02:07,2025-08-24 17:02:07,2,,100,0,1,2025-08-24 17:02:07,R_e2rP9dzmQ9vaXcO,,,,,,,test,,1,,2,,,3,1,,2,,,3,1,,,,2,1,,2,,1,,3,,,,1,2,1,2,,,1,,1,,,,1,1,,2,1,,2,156,Guinea pig,Fish,Lizard,Hamster,Rabbit,Rabbit,Lizard,Cat,Dog,Bird,Fish,Dog,Horse,Turtle,Cat,Horse,Guinea pig,Turtle,Fish,Hamster,Cat,Turtle,Dog,Rabbit,Guinea pig,Bird,Hamster,Rabbit,Lizard,Horse,5d78cdd0-8145-11f0-b804-559a6c8a454f,
2025-08-24 17:02:07,2025-08-24 17:02:08,2,,100,1,1,2025-08-24 17:02:08,R_eo1KQbfnmu895RA,,,,,,,test,,1,,,2,,2,,,,1,2,2,2,1,,,,3,,,,2,1,2,1,,,2,,3,1,,,,2,3,,,,1,2,,2,2,,1,157,Bird,Turtle,Fish,Rabbit,Hamster,Dog,Guinea pig,Cat,Horse,Lizard,Turtle,Fish,Hamster,Guinea pig,Horse,Rabbit,Dog,Bird,Hamster,Fish,Lizard,Rabbit,Horse,Dog,Turtle,Cat,Bird,Lizard,Turtle,Rabbit,5d78cdd0-8145-11f0-b804-559a6c8a454f,
2025-08-24 17:02:08,2025-08-24 17:02:08,2,,100,0,1,2025-08-24 17:02:08,R_bltrJFMhRGag2IS,,,,,,,test,,,1,,,2,3,1,,2,,,1,,2,,,1,3,,,,1,2,3,,1,,2,,1,2,,,1,,2,,,,2,2,,2,2,,2,158,Bird,Dog,Rabbit,Guinea pig,Turtle,Hamster,Lizard,Bird,Rabbit,Fish,Cat,Horse,Turtle,Fish,Rabbit,Lizard,Guinea pig,Horse,Dog,Hamster,Fish,Turtle,Dog,Hamster,Bird,Rabbit,Hamster,Lizard,Cat,Horse,5d78cdd0-8145-11f0-b804-559a6c8a454f,
2025-08-24 17:02:08,2025-08-24 17:02:08,2,,100,0,1,2025-08-24 17:02:09,R_9pBvMk9yt5V96v4,,,,,,,test,,2,,,1,,3,1,,,,2,3,1,,,,2,1,2,,,1,,3,,1,,2,,1,,,1,2,,3,,,,1,2,,1,2,,1,159,Dog,Bird,Rabbit,Lizard,Fish,Lizard,Rabbit,Fish,Hamster,Guinea pig,Rabbit,Dog,Hamster,Turtle,Horse,Turtle,Guinea pig,Bird,Cat,Lizard,Bird,Horse,Cat,Guinea pig,Rabbit,Hamster,Fish,Horse,Dog,Turtle,5d78cdd0-8145-11f0-b804-559a6c8a454f,
2025-08-24 17:02:09,2025-08-24 17:02:09,2,,100,0,1,2025-08-24 17:02:09,R_bCmGyQVPPrE0L5Q,,,,,,,test,,2,,1,,,3,,,,1,2,2,1,2,,,,3,,,2,1,,1,,2,1,,,3,,2,1,,,3,,,,1,1,,1,2,,1,160,Horse,Rabbit,Hamster,Lizard,Turtle,Dog,Lizard,Rabbit,Turtle,Bird,Fish,Hamster,Guinea pig,Horse,Dog,Turtle,Guinea pig,Cat,Bird,Rabbit,Guinea pig,Cat,Bird,Fish,Hamster,Cat,Bird,Lizard,Dog,Horse,5d78cdd0-8145-11f0-b804-559a6c8a454f,
2025-08-24 17:02:09,2025-08-24 17:02:09,2,,100,0,1,2025-08-24 17:02:10,R_ePNyvvVcKJRoiZ8,,,,,,,test,,,,,2,1,2,,,1,,2,3,,,1,,2,3,2,,,1,,1,,,1,2,,3,,1,,2,,3,,,,1,2,,1,2,,2,161,Horse,Bird,Fish,Turtle,Hamster,Fish,Lizard,Hamster,Rabbit,Cat,Bird,Cat,Dog,Lizard,Rabbit,Guinea pig,Turtle,Bird,Dog,Lizard,Turtle,Horse,Rabbit,Cat,Guinea pig,Rabbit,Hamster,Guinea pig,Fish,Dog,5d78cdd0-8145-11f0-b804-559a6c8a454f,
2025-08-24 17:02:10,2025-08-24 17:02:10,2,,100,0,1,2025-08-24 17:02:10,R_5aQ3MLhE6eOOc06,,,,,,,test,,,1,2,,,2,,1,2,,,1,,1,,,2,2,2,1,,,,2,,1,,2,,2,,2,,,1,2,,,,2,1,,1,1,,1,162,Dog,Bird,Horse,Rabbit,Guinea pig,Fish,Turtle,Rabbit,Bird,Cat,Hamster,Cat,Guinea pig,Lizard,Turtle,Lizard,Fish,Bird,Cat,Rabbit,Rabbit,Hamster,Dog,Fish,Lizard,Turtle,Horse,Hamster,Guinea pig,Dog,5d78cdd0-8145-11f0-b804-559a6c8a454f,
2025-08-24 17:02:10,2025-08-24 17:02:10,2,,100,0,1,2025-08-24 17:02:11,R_79a4kLCu1uCnzAq,,,,,,,test,,,2,1,,,2,1,,,2,,2,1,,,2,,1,,,,1,2,1,,,2,,1,2,,2,,1,,2,,,,2,1,,2,2,,2,163,Dog,Cat,Lizard,Bird,Turtle,Hamster,Turtle,Fish,Cat,Dog,Guinea pig,Dog,Turtle,Fish,Lizard,Lizard,Rabbit,Guinea pig,Hamster,Horse,Fish,Bird,Horse,Rabbit,Cat,Cat,Horse,Dog,Guinea pig,Rabbit,5d78cdd0-8145-11f0-b804-559a6c8a454f,
2025-08-24 17:02:11,2025-08-24 17:02:11,2,,100,0,1,2025-08-24 17:02:11,R_7VsxVqA5xeIR9KC,,,,,,,test,,1,2,,,,1,,2,,1,,3,2,1,,,,3,,1,,2,,1,2,,,,1,2,,,2,1,,1,,,,2,1,,1,1,,1,164,Hamster,Dog,Fish,Horse,Turtle,Horse,Fish,Hamster,Rabbit,Guinea pig,Lizard,Horse,Turtle,Bird,Hamster,Turtle,Lizard,Dog,Hamster,Rabbit,Dog,Bird,Lizard,Fish,Cat,Bird,Cat,Rabbit,Guinea pig,Horse,5d78cdd0-8145-11f0-b804-559a6c8a454f,
2025-08-24 17:02:11,2025-08-24 17:02:11,2,,100,0,1,2025-08-24 17:02:11,R_41nIIEuGD9mWDUG,,,,,,,test,,,,2,,1,1,2,1,,,,3,2,,,,1,3,2,1,,,,1,,,2,,1,1,,,1,2,,3,,,,2,1,,2,2,,2,165,Guinea pig,Hamster,Rabbit,Lizard,Bird,Horse,Turtle,Bird,Dog,Rabbit,Bird,Horse,Lizard,Turtle,Guinea pig,Fish,Guinea pig,Cat,Rabbit,Turtle,Dog,Lizard,Horse,Hamster,Fish,Cat,Dog,Fish,Bird,Hamster,5d78cdd0-8145-11f0-b804-559a6c8a454f,
2025-08-24 17:02:11,2025-08-24 17:02:12,2,,100,1,1,2025-08-24 17:02:12,R_dik4yw8hjOO9Vs2,,,,,,,test,,,,1,,2,2,,,1,2,,1,,,1,2,,1,1,,,,2,1,,1,2,,,2,,2,,1,,1,,,,1,2,,2,2,,2,166,Lizard,Horse,Hamster,Rabbit,Bird,Horse,Hamster,Guinea pig,Dog,Lizard,Turtle,Dog,Cat,Hamster,Fish,Bird,Rabbit,Fish,Guinea pig,Cat,Hamster,Lizard,Turtle,Cat,Horse,Cat,Fish,Horse,Bird,Dog,5d78cdd0-8145-11f0-b804-559a6c8a454f,
2025-08-24 17:02:12,2025-08-24 17:02:12,2,,100,0,1,2025-08-24 17:02:12,R_8xiZ5MV0Tl4RKp8,,,,,,,test,,,,,2,1,3,,2,1,,,2,,2,,,1,3,2,1,,,,1,2,,,,1,2,,,2,1,,3,,,,2,1,,1,2,,2,167,Bird,Turtle,Fish,Rabbit,Hamster,Dog,Horse,Rabbit,Hamster,Cat,Hamster,Rabbit,Cat,Bird,Horse,Fish,Lizard,Horse,Turtle,Guinea pig,Lizard,Cat,Turtle,Dog,Fish,Turtle,Bird,Dog,Guinea pig,Lizard,5d78cdd0-8145-11f0-b804-559a6c8a454f,
2025-08-24 17:02:12,2025-08-24 17:02:12,2,,100,0,1,2025-08-24 17:02:13,R_263NphpRt2pA4aq,,,,,,,test,,1,,,,2,3,1,,2,,,1,,,1,2,,1,,,1,,2,2,1,,2,,,2,,1,2,,,2,,,,2,2,,1,2,,2,168,Hamster,Lizard,Guinea pig,Bird,Turtle,Cat,Dog,Bird,Horse,Lizard,Turtle,Guinea pig,Cat,Dog,Rabbit,Guinea pig,Horse,Fish,Rabbit,Bird,Fish,Cat,Lizard,Hamster,Dog,Horse,Turtle,Dog,Fish,Cat,5d78cdd0-8145-11f0-b804-559a6c8a454f,
2025-08-24 17:02:13,2025-08-24 17:02:13,2,,100,0,1,2025-08-24 17:02:13,R_cT6hB0jetAyGx5Y,,,,,,,test,,1,2,,,,2,2,,,,1,2,,2,,,1,3,1,,2,,,1,,,2,,1,1,2,,,1,,3,,,,1,2,,2,1,,2,169,Guinea pig,Turtle,Fish,Horse,Rabbit,Horse,Guinea pig,Dog,Hamster,Lizard,Dog,Cat,Lizard,Guinea pig,Horse,Hamster,Dog,Rabbit,Bird,Cat,Bird,Hamster,Guinea pig,Turtle,Fish,Lizard,Rabbit,Cat,Dog,Bird,5d78cdd0-8145-11f0-b804-559a6c8a454f,
2025-08-24 17:02:13,2025-08-24 17:02:13,2,,100,0,1,2025-08-24 17:02:14,R_0ANfDDwAKtmSW8u,,,,,,,test,,,,,2,1,2,1,,,2,,3,,,,2,1,2,,2,,,1,3,,2,1,,,1,,,1,,2,1,,,,1,2,,2,2,,1,170,Horse,Guinea pig,Turtle,Hamster,Bird,Bird,Cat,Dog,Horse,Turtle,Lizard,Dog,Rabbit,Fish,Guinea pig,Hamster,Fish,Horse,Cat,Rabbit,Turtle,Hamster,Cat,Bird,Dog,Guinea pig,Rabbit,Fish,Lizard,Horse,5d78cdd0-8145-11f0-b804-559a6c8a454f,
2025-08-24 17:02:14,2025-08-24 17:02:14,2,,100,0,1,2025-08-24 17:02:14,R_3IDYIRiqPeRF7Xo,,,,,,,test,,,1,,2,,1,,2,1,,,1,,,,2,1,3,,,1,2,,1,2,,1,,,2,1,,,,2,1,,,,2,2,,2,1,,2,171,Turtle,Cat,Fish,Dog,Bird,Dog,Fish,Lizard,Rabbit,Cat,Guinea pig,Rabbit,Dog,Fish,Lizard,Hamster,Horse,Bird,Guinea pig,Rabbit,Lizard,Hamster,Turtle,Bird,Horse,Bird,Guinea pig,Horse,Cat,Turtle,5d78cdd0-8145-11f0-b804-559a6c8a454f,
2025-08-24 17:02:14,2025-08-24 17:02:15,2,,100,1,1,2025-08-24 17:02:15,R_5hZzh5ift92N6xU,,,,,,,test,,,,2,1,,3,,,,2,1,2,,,,2,1,3,,1,,,2,3,,,1,2,,1,,2,,1,,2,,,,2,2,,1,2,,1,172,Dog,Hamster,Rabbit,Bird,Fish,Fish,Horse,Hamster,Cat,Lizard,Horse,Lizard,Bird,Rabbit,Turtle,Bird,Fish,Dog,Horse,Cat,Turtle,Rabbit,Cat,Lizard,Guinea pig,Hamster,Cat,Guinea pig,Turtle,Dog,5d78cdd0-8145-11f0-b804-559a6c8a454f,
2025-08-24 17:02:15,2025-08-24 17:02:15,2,,100,0,1,2025-08-24 17:02:15,R_cBCi5iQeqLTQQWW,,,,,,,test,,1,2,,,,2,,2,,,1,2,,,1,,2,2,1,2,,,,3,1,,,2,,2,1,,2,,,2,,,,1,1,,2,1,,2,173,Guinea pig,Turtle,Bird,Hamster,Horse,Lizard,Dog,Fish,Turtle,Guinea pig,Cat,Hamster,Turtle,Rabbit,Dog,Dog,Rabbit,Horse,Bird,Cat,Rabbit,Bird,Lizard,Horse,Hamster,Bird,Lizard,Cat,Dog,Fish,5d78cdd0-8145-11f0-b804-559a6c8a454f,
2025-08-24 17:02:15,2025-08-24 17:02:15,2,,100,0,1,2025-08-24 17:02:16,R_5vylyMib88cDTYq,,,,,,,test,,1,,2,,,2,,,2,,1,2,1,,,2,,2,,2,,,1,2,1,,,,2,1,,1,,2,,1,,,,1,2,,2,1,,2,174,Rabbit,Cat,Turtle,Guinea pig,Lizard,Fish,Lizard,Dog,Rabbit,Turtle,Bird,Rabbit,Hamster,Horse,Guinea pig,Cat,Dog,Lizard,Hamster,Horse,Lizard,Horse,Bird,Fish,Hamster,Guinea pig,Bird,Cat,Turtle,Fish,5d78cdd0-8145-11f0-b804-559a6c8a454f,
2025-08-24 17:02:16,2025-08-24 17:02:16,2,,100,0,1,2025-08-24 17:02:16,R_5hSwetAuUUgPwvs,,,,,,,test,,,,,1,2,1,,1,,2,,3,,,2,1,,2,,,2,,1,3,,1,,2,,3,,,2,,1,1,,,,1,1,,2,1,,2,175,Lizard,Bird,Fish,Guinea pig,Rabbit,Guinea pig,Turtle,Lizard,Cat,Fish,Bird,Rabbit,Dog,Fish,Horse,Turtle,Cat,Rabbit,Bird,Guinea pig,Hamster,Guinea pig,Horse,Dog,Cat,Fish,Hamster,Turtle,Lizard,Dog,5d78cdd0-8145-11f0-b804-559a6c8a454f,
2025-08-24 17:02:16,2025-08-24 17:02:16,2,,100,0,1,2025-08-24 17:02:16,R_55Qd1bUkRnFgmMu,,,,,,,test,,,2,,1,,1,1,,2,,,2,,1,2,,,1,1,2,,,,3,,,1,,2,3,1,,,,2,3,,,,2,1,,1,1,,2,176,Guinea pig,Dog,Cat,Bird,Hamster,Lizard,Horse,Rabbit,Hamster,Guinea pig,Horse,Hamster,Dog,Guinea pig,Bird,Hamster,Turtle,Fish,Rabbit,Lizard,Cat,Fish,Bird,Horse,Rabbit,Dog,Rabbit,Guinea pig,Cat,Turtle,5d78cdd0-8145-11f0-b804-559a6c8a454f,
2025-08-24 17:02:16,2025-08-24 17:02:17,2,,100,1,1,2025-08-24 17:02:17,R_cUeDX7DJRnXsmiy,,,,,,,test,,,,,1,2,1,1,2,,,,2,,,1,,2,3,,,,2,1,3,,1,,2,,3,,,1,,2,1,,,,1,2,,1,2,,1,177,Guinea pig,Bird,Turtle,Dog,Horse,Dog,Rabbit,Guinea pig,Fish,Lizard,Hamster,Lizard,Dog,Rabbit,Bird,Rabbit,Fish,Bird,Horse,Cat,Turtle,Cat,Lizard,Hamster,Rabbit,Fish,Dog,Horse,Bird,Hamster,5d78cdd0-8145-11f0-b804-559a6c8a454f,
2025-08-24 17:02:17,2025-08-24 17:02:17,2,,100,0,1,2025-08-24 17:02:17,R_822V7LmViKSKnZQ,,,,,,,test,,2,,,1,,2,2,1,,,,1,,,,1,2,3,1,2,,,,3,,2,1,,,1,,2,,1,,1,,,,2,2,,1,1,,2,178,Turtle,Bird,Dog,Fish,Guinea pig,Lizard,Rabbit,Hamster,Guinea pig,Dog,Rabbit,Guinea pig,Cat,Hamster,Turtle,Fish,Dog,Guinea pig,Horse,Rabbit,Horse,Turtle,Lizard,Cat,Hamster,Cat,Fish,Horse,Lizard,Bird,5d78cdd0-8145-11f0-b804-559a6c8a454f,
2025-08-24 17:02:17,2025-08-24 17:02:18,2,,100,1,1,2025-08-24 17:02:18,R_6XxBFOqxj3cfZuC,,,,,,,test,,2,1,,,,2,,2,1,,,3,,,2,,1,1,,1,,2,,2,,1,,,2,2,,1,,,2,3,,,,2,2,,1,1,,1,179,Lizard,Turtle,Dog,Hamster,Rabbit,Dog,Bird,Turtle,Rabbit,Lizard,Fish,Lizard,Bird,Dog,Cat,Hamster,Cat,Horse,Guinea pig,Turtle,Bird,Horse,Hamster,Fish,Dog,Guinea pig,Hamster,Fish,Horse,Bird,5d78cdd0-8145-11f0-b804-559a6c8a454f,
2025-08-24 17:02:18,2025-08-24 17:02:18,2,,100,0,1,2025-08-24 17:02:18,R_6zXIY8DBGQaKgzs,,,,,,,test,,,,,2,1,3,,,2,,1,2,,1,2,,,3,,1,,2,,3,1,,2,,,2,,,2,,1,3,,,,2,1,,1,2,,2,180,Dog,Turtle,Guinea pig,Cat,Horse,Horse,Hamster,Cat,Bird,Rabbit,Bird,Cat,Dog,Fish,Turtle,Guinea pig,Lizard,Turtle,Horse,Bird,Lizard,Guinea pig,Rabbit,Dog,Hamster,Turtle,Rabbit,Lizard,Hamster,Fish,5d78cdd0-8145-11f0-b804-559a6c8a454f,
2025-08-24 17:02:18,2025-08-24 17:02:19,2,,100,1,1,2025-08-24 17:02:19,R_dh7meeeom2cBpCm,,,,,,,test,,2,,,1,,2,,1,2,,,3,,,1,2,,2,,,1,,2,2,,2,,1,,2,,,,2,1,1,,,,2,2,,2,1,,1,181,Rabbit,Hamster,Horse,Bird,Cat,Guinea pig,Turtle,Cat,Lizard,Fish,Lizard,Horse,Dog,Cat,Bird,Hamster,Rabbit,Fish,Guinea pig,Turtle,Cat,Lizard,Bird,Rabbit,Guinea pig,Turtle,Fish,Hamster,Dog,Horse,5d78cdd0-8145-11f0-b804-559a6c8a454f,
2025-08-24 17:02:19,2025-08-24 17:02:19,2,,100,0,1,2025-08-24 17:02:19,R_2n288IvIoqENsqi,,,,,,,test,,,,,1,2,1,2,,1,,,2,,2,1,,,1,,2,,,1,1,,1,,2,,2,,2,,1,,1,,,,2,2,,1,1,,1,182,Cat,Lizard,Bird,Rabbit,Hamster,Guinea pig,Hamster,Fish,Cat,Lizard,Rabbit,Dog,Lizard,Fish,Guinea pig,Turtle,Bird,Guinea pig,Horse,Rabbit,Horse,Turtle,Rabbit,Dog,Bird,Dog,Fish,Horse,Turtle,Cat,5d78cdd0-8145-11f0-b804-559a6c8a454f,
2025-08-24 17:02:19,2025-08-24 17:02:19,2,,100,0,1,2025-08-24 17:02:20,R_8uHNV5zt75WrOOW,,,,,,,test,,,1,,2,,1,,,1,2,,3,,2,1,,,3,,2,1,,,2,,1,,2,,1,,1,,,2,3,,,,1,2,,2,2,,1,183,Turtle,Bird,Horse,Dog,Rabbit,Rabbit,Fish,Cat,Hamster,Guinea pig,Dog,Turtle,Bird,Lizard,Cat,Horse,Dog,Fish,Guinea pig,Lizard,Bird,Cat,Hamster,Fish,Turtle,Guinea pig,Rabbit,Lizard,Horse,Hamster,5d78cdd0-8145-11f0-b804-559a6c8a454f,
2025-08-24 17:02:20,2025-08-24 17:02:20,2,,100,0,1,2025-08-24 17:02:20,R_egnjq6tH1qwHp42,,,,,,,test,,,2,1,,,2,,,2,1,,2,2,,,1,,2,2,,,,1,3,,1,,2,,1,1,,,2,,3,,,,2,2,,2,1,,1,184,Lizard,Dog,Rabbit,Cat,Bird,Hamster,Horse,Turtle,Rabbit,Fish,Horse,Fish,Hamster,Lizard,Dog,Fish,Lizard,Cat,Bird,Rabbit,Dog,Hamster,Guinea pig,Horse,Turtle,Turtle,Rabbit,Horse,Guinea pig,Cat,5d78cdd0-8145-11f0-b804-559a6c8a454f,
2025-08-24 17:02:20,2025-08-24 17:02:20,2,,100,0,1,2025-08-24 17:02:21,R_ea23Tqbm8zVaDVY,,,,,,,test,,2,1,,,,3,2,1,,,,3,,1,2,,,1,,,2,1,,2,2,,,1,,3,,1,,2,,2,,,,2,2,,1,2,,1,185,Cat,Bird,Rabbit,Horse,Guinea pig,Horse,Hamster,Guinea pig,Cat,Lizard,Lizard,Horse,Cat,Guinea pig,Rabbit,Hamster,Dog,Horse,Rabbit,Fish,Turtle,Fish,Bird,Lizard,Cat,Guinea pig,Rabbit,Turtle,Dog,Bird,5d78cdd0-8145-11f0-b804-559a6c8a454f,
2025-08-24 17:02:21,2025-08-24 17:02:21,2,,100,0,1,2025-08-24 17:02:21,R_6xITucEfp397PkG,,,,,,,test,,,,1,,2,1,1,,,,2,3,1,2,,,,3,,,2,1,,1,2,1,,,,2,,,2,,1,1,,,,2,1,,2,1,,2,186,Hamster,Lizard,Turtle,Dog,Bird,Horse,Hamster,Fish,Cat,Lizard,Lizard,Cat,Rabbit,Fish,Guinea pig,Fish,Bird,Dog,Guinea pig,Cat,Dog,Turtle,Cat,Rabbit,Horse,Guinea pig,Rabbit,Hamster,Horse,Dog,5d78cdd0-8145-11f0-b804-559a6c8a454f,
2025-08-24 17:02:21,2025-08-24 17:02:21,2,,100,0,1,2025-08-24 17:02:21,R_5bUiYUztq0nKolg,,,,,,,test,,,,2,,1,1,2,,,1,,1,1,,2,,,3,1,,2,,,1,,1,,2,,1,1,,,2,,1,,,,1,1,,2,1,,2,187,Bird,Dog,Rabbit,Lizard,Turtle,Turtle,Rabbit,Horse,Fish,Cat,Hamster,Turtle,Cat,Guinea pig,Lizard,Rabbit,Hamster,Bird,Dog,Fish,Dog,Lizard,Fish,Horse,Bird,Guinea pig,Horse,Turtle,Rabbit,Hamster,5d78cdd0-8145-11f0-b804-559a6c8a454f,
2025-08-24 17:02:21,2025-08-24 17:02:22,2,,100,1,1,2025-08-24 17:02:22,R_6Ff9SZz7J10A4ZM,,,,,,,test,,,1,2,,,2,,,2,1,,1,1,,,2,,3,,,2,,1,2,,,2,,1,2,,2,,1,,2,,,,2,1,,2,1,,2,188,Horse,Lizard,Bird,Fish,Turtle,Hamster,Horse,Turtle,Dog,Guinea pig,Dog,Guinea pig,Fish,Lizard,Cat,Rabbit,Turtle,Hamster,Cat,Fish,Lizard,Dog,Cat,Bird,Hamster,Cat,Fish,Rabbit,Guinea pig,Bird,5d78cdd0-8145-11f0-b804-559a6c8a454f,
2025-08-24 17:02:22,2025-08-24 17:02:22,2,,100,0,1,2025-08-24 17:02:22,R_0SzjZTBXyeZm70a,,,,,,,test,,1,2,,,,3,,1,,,2,3,,2,,1,,1,2,1,,,,2,1,,,2,,3,,2,1,,,1,,,,1,2,,1,2,,2,189,Hamster,Lizard,Cat,Dog,Rabbit,Fish,Cat,Dog,Rabbit,Hamster,Lizard,Dog,Turtle,Bird,Fish,Cat,Fish,Horse,Guinea pig,Bird,Turtle,Hamster,Lizard,Horse,Guinea pig,Guinea pig,Turtle,Bird,Cat,Dog,5d78cdd0-8145-11f0-b804-559a6c8a454f,
2025-08-24 17:02:22,2025-08-24 17:02:23,2,,100,1,1,2025-08-24 17:02:23,R_1ZmkLEIu8ZaRPuu,,,,,,,test,,,,2,,1,1,,2,1,,,3,,,2,1,,1,1,,,2,,1,,,2,,1,3,2,,,1,,2,,,,2,1,,2,1,,2,190,Turtle,Horse,Cat,Bird,Lizard,Cat,Turtle,Horse,Guinea pig,Dog,Dog,Lizard,Fish,Hamster,Bird,Lizard,Dog,Bird,Cat,Guinea pig,Horse,Fish,Rabbit,Lizard,Hamster,Guinea pig,Rabbit,Hamster,Horse,Turtle,5d78cdd0-8145-11f0-b804-559a6c8a454f,
2025-08-24 17:02:23,2025-08-24 17:02:23,2,,100,0,1,2025-08-24 17:02:23,R_0joyLS9YPAa0tdc,,,,,,,test,,2,,,1,,3,,,,2,1,2,,2,,,1,3,2,,,,1,2,1,,2,,,3,,1,2,,,2,,,,1,2,,1,1,,2,191,Rabbit,Cat,Hamster,Guinea pig,Lizard,Fish,Turtle,Cat,Horse,Dog,Hamster,Rabbit,Horse,Bird,Fish,Dog,Fish,Bird,Lizard,Rabbit,Bird,Hamster,Guinea pig,Rabbit,Turtle,Horse,Lizard,Turtle,Dog,Cat,5d78cdd0-8145-11f0-b804-559a6c8a454f,
2025-08-24 17:02:23,2025-08-24 17:02:24,2,,100,1,1,2025-08-24 17:02:24,R_2bm6E7Ctxea7Tds,,,,,,,test,,1,,,,2,3,1,2,,,,1,,,,1,2,1,,,,2,1,1,,,1,2,,2,,,1,,2,1,,,,2,2,,2,2,,2,192,Guinea pig,Fish,Hamster,Cat,Turtle,Cat,Turtle,Lizard,Guinea pig,Bird,Horse,Bird,Turtle,Lizard,Dog,Dog,Guinea pig,Rabbit,Turtle,Hamster,Hamster,Lizard,Horse,Fish,Rabbit,Fish,Cat,Bird,Horse,Lizard,5d78cdd0-8145-11f0-b804-559a6c8a454f,
2025-08-24 17:02:24,2025-08-24 17:02:24,2,,100,0,1,2025-08-24 17:02:24,R_4ZXxexoC7kPwDiu,,,,,,,test,,1,,,2,,3,2,,,1,,2,2,,1,,,3,,,2,,1,3,,2,,1,,1,,2,,1,,2,,,,2,1,,1,1,,2,193,Cat,Horse,Dog,Rabbit,Fish,Rabbit,Dog,Horse,Hamster,Bird,Hamster,Fish,Guinea pig,Cat,Horse,Turtle,Cat,Lizard,Dog,Rabbit,Lizard,Guinea pig,Rabbit,Turtle,Hamster,Fish,Turtle,Bird,Horse,Dog,5d78cdd0-8145-11f0-b804-559a6c8a454f,
2025-08-24 17:02:24,2025-08-24 17:02:24,2,,100,0,1,2025-08-24 17:02:25,R_eE4V7aF1NtlecXc,,,,,,,test,,,,1,2,,3,,,1,,2,3,,,,1,2,3,2,,1,,,2,,,1,,2,2,,,1,,2,2,,,,2,1,,2,1,,2,194,Fish,Bird,Lizard,Rabbit,Horse,Turtle,Hamster,Bird,Fish,Rabbit,Dog,Guinea pig,Fish,Cat,Turtle,Hamster,Lizard,Dog,Horse,Guinea pig,Bird,Cat,Horse,Hamster,Lizard,Guinea pig,Turtle,Rabbit,Dog,Hamster,5d78cdd0-8145-11f0-b804-559a6c8a454f,
2025-08-24 17:02:25,2025-08-24 17:02:25,2,,100,0,1,2025-08-24 17:02:25,R_5ipf5SuWi1EQ8Oa,,,,,,,test,,,2,,1,,1,,,1,2,,3,1,,,2,,2,,2,,1,,3,,,,1,2,3,1,,,,2,1,,,,1,1,,2,2,,2,195,Turtle,Hamster,Bird,Lizard,Cat,Dog,Fish,Turtle,Cat,Guinea pig,Bird,Guinea pig,Lizard,Turtle,Fish,Fish,Horse,Dog,Rabbit,Turtle,Cat,Rabbit,Hamster,Bird,Dog,Rabbit,Lizard,Guinea pig,Hamster,Horse,5d78cdd0-8145-11f0-b804-559a6c8a454f,
2025-08-24 17:02:25,2025-08-24 17:02:25,2,,100,0,1,2025-08-24 17:02:25,R_0TBbbyWVVNhJ6xE,,,,,,,test,,,1,,2,,3,1,,2,,,3,,,2,1,,2,1,,2,,,1,1,,2,,,2,,2,,,1,3,,,,2,1,,2,1,,2,196,Guinea pig,Cat,Bird,Lizard,Hamster,Cat,Turtle,Hamster,Fish,Horse,Horse,Guinea pig,Rabbit,Cat,Fish,Dog,Bird,Guinea pig,Horse,Turtle,Bird,Horse,Lizard,Turtle,Guinea pig,Lizard,Rabbit,Fish,Hamster,Dog,5d78cdd0-8145-11f0-b804-559a6c8a454f,
2025-08-24 17:02:25,2025-08-24 17:02:26,2,,100,1,1,2025-08-24 17:02:26,R_eCKYenNFK7HJ6cu,,,,,,,test,,,2,,1,,1,,2,1,,,2,,,2,,1,2,,,2,,1,1,,1,,,2,1,,,1,2,,3,,,,2,1,,1,1,,2,197,Fish,Guinea pig,Horse,Turtle,Dog,Horse,Rabbit,Hamster,Lizard,Bird,Rabbit,Dog,Fish,Horse,Lizard,Cat,Hamster,Bird,Guinea pig,Turtle,Hamster,Horse,Cat,Dog,Fish,Lizard,Bird,Guinea pig,Cat,Rabbit,5d78cdd0-8145-11f0-b804-559a6c8a454f,
2025-08-24 17:02:26,2025-08-24 17:02:26,2,,100,0,1,2025-08-24 17:02:26,R_1YsOiy5WaerIzNc,,,,,,,test,,,,,1,2,3,,2,,,1,2,,2,1,,,2,,,2,1,,3,1,,,2,,2,,,,1,2,3,,,,2,1,,1,2,,1,198,Guinea pig,Bird,Rabbit,Cat,Lizard,Lizard,Turtle,Cat,Guinea pig,Hamster,Dog,Fish,Bird,Horse,Rabbit,Fish,Guinea pig,Hamster,Turtle,Horse,Hamster,Cat,Horse,Fish,Dog,Rabbit,Dog,Turtle,Bird,Guinea pig,5d78cdd0-8145-11f0-b804-559a6c8a454f,
2025-08-24 17:02:26,2025-08-24 17:02:27,2,,100,1,1,2025-08-24 17:02:27,R_2caWMBHaJjf56w6,,,,,,,test,,2,,,1,,3,,,1,2,,1,2,,,,1,3,,,,1,2,3,,,1,,2,3,1,,,2,,2,,,,2,1,,1,2,,1,199,Dog,Lizard,Bird,Horse,Turtle,Hamster,Fish,Cat,Guinea pig,Rabbit,Guinea pig,Hamster,Lizard,Bird,Cat,Bird,Rabbit,Hamster,Lizard,Guinea pig,Lizard,Cat,Horse,Fish,Dog,Cat,Horse,Rabbit,Turtle,Fish,5d78cdd0-8145-11f0-b804-559a6c8a454f,
2025-08-24 17:02:27,2025-08-24 17:02:27,2,,100,0,1,2025-08-24 17:02:27,R_d6IZXQ67d4NFe9o,,,,,,,test,,,,2,1,,2,,1,,2,,2,,2,,,1,3,1,,,,2,3,1,,,2,,1,,,,1,2,1,,,,1,2,,2,1,,2,200,Cat,Horse,Bird,Rabbit,Turtle,Lizard,Dog,Turtle,Hamster,Guinea pig,Fish,Cat,Hamster,Lizard,Horse,Hamster,Bird,Rabbit,Dog,Fish,Turtle,Fish,Dog,Bird,Cat,Bird,Lizard,Fish,Guinea pig,Rabbit,5d78cdd0-8145-11f0-b804-559a6c8a454f,
